category,food_name,calories_kcal_per_100g,fat_g_per_100g,carbs_g_per_100g
"0DQM1ZK2G6","白薯","106","0.2","25.2"
"0DQM1ZK2G6","邦肴 菱角米","119.02","0","25"
"0DQM1ZK2G6","扁豆(白)","283","1.3","55.6"
"0DQM1ZK2G6","扁豆(干豆)","339","0.4","61.9"
"0DQM1ZK2G6","槟榔芋","90","0.1","19.7"
"0DQM1ZK2G6","蚕豆","338","1","61.5"
"0DQM1ZK2G6","糙米","348","2.7","75"
"0DQM1ZK2G6","厨乐 古斯古斯中东小米","348.47","1.2","71"
"0DQM1ZK2G6","大黄米","356","2.7","71.1"
"0DQM1ZK2G6","大麦","327","1.4","73.3"
"0DQM1ZK2G6","大米","346","0.9","77.2"
"0DQM1ZK2G6","大薯","108","0.2","24.9"
"0DQM1ZK2G6","地扪 粟米粒","83","1.5","15"
"0DQM1ZK2G6","豆薯(凉薯)","56","0.1","13.4"
"0DQM1ZK2G6","法国鹰嘴豆罐头","122.8","2","19.7"
"0DQM1ZK2G6","高粱米","360","3.1","74.7"
"0DQM1ZK2G6","黑大麦","327","2.2","74.3"
"0DQM1ZK2G6","黑米","341","2.5","72.2"
"0DQM1ZK2G6","红豆","324","0.6","63.4"
"0DQM1ZK2G6","红薯","86","0.1","20.12"
"0DQM1ZK2G6","花豆(红)","328","1.3","62.7"
"0DQM1ZK2G6","花豆(紫)","330","1.4","65.8"
"0DQM1ZK2G6","黄米","351","1.5","76.9"
"0DQM1ZK2G6","荟食 有机绿豆","331.74","1","58.6"
"0DQM1ZK2G6","金御膳牌泰国香米","350","0.5","80"
"0DQM1ZK2G6","粳米(标二)","347","0.6","77.7"
"0DQM1ZK2G6","粳米(标一)","345","0.6","77.4"
"0DQM1ZK2G6","粳糯米","344","0.8","76.7"
"0DQM1ZK2G6","莲花 FOODS竹提取物浸泡有机珍珠米","355.56","0","80"
"0DQM1ZK2G6","莲花 FOODSBROWNMEKONGFLOWERRICE","350","2.5","75"
"0DQM1ZK2G6","莲花 FOODSMEKONGFLOWERRICE","316.67","0","75"
"0DQM1ZK2G6","莲花 FOODSVOLCANORICE","333.33","0","73.33"
"0DQM1ZK2G6","绿豆(干)","329","0.8","62"
"0DQM1ZK2G6","马铃薯","81","0.2","17.8"
"0DQM1ZK2G6","马铃薯丁(脱水)","344","0.5","80.7"
"0DQM1ZK2G6","眉豆","334","1.1","65.6"
"0DQM1ZK2G6","糜子(带皮)","336","0.6","75.1"
"0DQM1ZK2G6","木薯","119","0.3","27.8"
"0DQM1ZK2G6","南农食品 南农 大米","345.6","0.8","71.8"
"0DQM1ZK2G6","南农食品 南农 血糯米","342.73","1.7","73.7"
"0DQM1ZK2G6","南农食品 南农 有机大黄米","348.71","2.9","67.6"
"0DQM1ZK2G6","南农食品 南农 越光大米","345.6","0.8","71.8"
"0DQM1ZK2G6","南农食品 南农 紫薯香米","380.02","5.1","64.2"
"0DQM1ZK2G6","南农杂粮 南农 有机白小米","357.55","3.1","73.5"
"0DQM1ZK2G6","南农杂粮 南农 有机糙米","332.22","2.2","75.6"
"0DQM1ZK2G6","南农杂粮 南农 有机大麦仁","306.64","1.4","63.4"
"0DQM1ZK2G6","南农杂粮 南农 有机高粱米","348.95","3.7","70.2"
"0DQM1ZK2G6","南农杂粮 南农 有机黑米","332.7","2.5","68.3"
"0DQM1ZK2G6","南农杂粮 南农 有机黑小米","332.7","2.5","68.3"
"0DQM1ZK2G6","南农杂粮 南农 有机红小豆","309.75","1.1","60.4"
"0DQM1ZK2G6","南农杂粮 南农 有机黄小米","357.55","3.1","73.5"
"0DQM1ZK2G6","南农杂粮 南农 有机绿豆","315.73","0.9","55.6"
"0DQM1ZK2G6","南农杂粮 南农 有机绿小米","358.03","3.4","71.5"
"0DQM1ZK2G6","南农杂粮 南农 有机奶花豆","333.65","0.9","59.5"
"0DQM1ZK2G6","南农杂粮 南农 有机荞麦米","323.61","2.6","72.2"
"0DQM1ZK2G6","南农杂粮 南农 有机燕麦米","391.01","6.7","66.2"
"0DQM1ZK2G6","南农杂粮 南农 有机薏仁","357.07","3.3","71.1"
"0DQM1ZK2G6","南农杂粮 南农 有机芸豆","313.81","1.3","54.2"
"0DQM1ZK2G6","糯米","350","1","78.3"
"0DQM1ZK2G6","荞麦","337","2.3","73"
"0DQM1ZK2G6","荞麦(带皮)","319","1.7","73"
"0DQM1ZK2G6","沁州 黄小米","322.66","3.3","60"
"0DQM1ZK2G6","青稞","342","1.5","75"
"0DQM1ZK2G6","瑞雪 甜糯紫玉米","178.3","1.3","36.7"
"0DQM1ZK2G6","山药","57","0.2","12.4"
"0DQM1ZK2G6","山药(干)","327","1","70.8"
"0DQM1ZK2G6","水妈妈  绿西米","360.18","0","89"
"0DQM1ZK2G6","水妈妈 泰国西米","360.18","0","89"
"0DQM1ZK2G6","豌豆(干)","334","1.1","65.8"
"0DQM1ZK2G6","豌豆(花)","336","1","63.6"
"0DQM1ZK2G6","籼稻谷(红)","348","2","76.4"
"0DQM1ZK2G6","籼米(标准)","349","0.6","78.3"
"0DQM1ZK2G6","籼米(优标)","350","1","77.3"
"0DQM1ZK2G6","籼糯米","352","1.1","78"
"0DQM1ZK2G6","鲜玉米","112","1.2","22.8"
"0DQM1ZK2G6","香大米","342","0.7","77.2"
"0DQM1ZK2G6","香米","342","0.7","77.2"
"0DQM1ZK2G6","小麦","338","1.3","75.2"
"0DQM1ZK2G6","小米","361","3.1","75.1"
"0DQM1ZK2G6","新花湄南河 泰国乌汶茉莉香米","355.88","0","80.4"
"0DQM1ZK2G6","鹰嘴豆(干)","340","4.2","60.1"
"0DQM1ZK2G6","鹰嘴豆(熟)","160","2.59","27.42"
"0DQM1ZK2G6","优糯米","345","1","75.3"
"0DQM1ZK2G6","玉米(白，干)","352","3.8","74.7"
"0DQM1ZK2G6","玉米(黄，干)","348","3.8","73"
"0DQM1ZK2G6","玉米粒(黄、干)","327","0.8","79.2"
"0DQM1ZK2G6","玉米糁(黄)","326","1.2","78.7"
"0DQM1ZK2G6","芋头","56","0.2","12.7"
"0DQM1ZK2G6","芸豆(白)","315","1.4","57.2"
"0DQM1ZK2G6","芸豆(红)","331","1.3","62.5"
"0DQM1ZK2G6","芸豆(虎皮)","341","0.9","62.5"
"0DQM1ZK2G6","芸豆(杂，带皮)","327","0.6","63.3"
"0DQM1ZK2G6","朱提 苦荞米","364.24","1.57","79.8"
"0DQM1ZK2G6","紫米","346","1.7","75.1"
"0DQM1ZK2G6","紫薯","133","0.3","31.7"
"0DQM1ZK2G6","Cedenco 微波甜玉米","93.21","0.4","16.3"
"0DQM1ZK2G6","KOKO泰国糯米","352.06","1.1","78"
"0DQM1ZK2G6","Lundberg 黑色粳米","333.33","3.33","73.33"
"0DQM1ZK2G6","Lundberg countrywild 乡村野米","333.33","3.33","77.78"
"0DQM1ZK2G6","гречка 阿穆尔荞麦米","296","3.2","56"
"0W7DENFIXN","85℃ 85度C 微酸美莓优格(草莓味口味)","85.33","2.4","13"
"0W7DENFIXN","艾美 粉红葡萄柚奶酪酸奶","95","1.6","16"
"0W7DENFIXN","艾美 覆盆子果酸奶","95","1.5","16"
"0W7DENFIXN","艾美 杏奶酪低脂酸奶","95","1.6","16"
"0W7DENFIXN","澳牛 红枣发酵乳(1.25KG)","74.57","3","9"
"0W7DENFIXN","澳牛 味浓发酵乳(原味)100G杯","70.98","2.8","8.5"
"0W7DENFIXN","澳牛 味浓原味发酵乳(1.25KG)","72.42","3","8.5"
"0W7DENFIXN","葆尔 草莓风味脱脂发酵乳","77.2","0","16.2"
"0W7DENFIXN","北乐牧场 巴氏酸牛奶","86.04","3","12.1"
"0W7DENFIXN","纯享 苹果味酸奶","88.43","3","12"
"0W7DENFIXN","得益 优麦发酵乳","88.6","3.8","10.6"
"0W7DENFIXN","爹地 酸牛奶","60","0.1","13.7"
"0W7DENFIXN","多鲜 黄桃果肉酸奶","73.85","2.5","10.5"
"0W7DENFIXN","富邦 老北京蜂蜜酸牛奶","76.96","2.8","10.5"
"0W7DENFIXN","光明 畅优红枣燕麦低脂酸奶","69","1.4","11"
"0W7DENFIXN","光明 畅优优酪乳酸牛奶(原味)","79.3","2.9","10.5"
"0W7DENFIXN","光明 畅优B+100活性益生菌果粒酸牛奶(青提)","69.31","1.4","11"
"0W7DENFIXN","光明 汉方草本酸牛奶","90.82","2.6","13.5"
"0W7DENFIXN","光明 红枣酸奶","92.02","3.1","13"
"0W7DENFIXN","光明风味酸牛奶(袋装)","61.6","2.08","8.8"
"0W7DENFIXN","归一  双歧因子乳饮品","40.16","1","6.7"
"0W7DENFIXN","海河发酵乳(原味)","89.63","3.2","12.5"
"0W7DENFIXN","好一多 黄桃果肉酸奶","72.18","2.5","10"
"0W7DENFIXN","和平 木糖醇酸牛奶","49","2.8","4"
"0W7DENFIXN","和润 酸牛奶(草莓)","92.73","3","13.5"
"0W7DENFIXN","花花牛 优芙丽人发酵乳(椰果味)","67.4","1.3","10.3"
"0W7DENFIXN","花花牛原味酸牛奶(杯装)","72.18","2.6","9"
"0W7DENFIXN","花园 优酸乳(玉米酸牛奶)","82.93","2.8","12"
"0W7DENFIXN","辉山 风味发酵乳(原味)290ml","80.07","3","10.7"
"0W7DENFIXN","辉山 十天风味酸乳","88.19","2.8","13.1"
"0W7DENFIXN","金利尔 酸牛奶","66.92","2.5","9.2"
"0W7DENFIXN","君乐宝 风味酸牛奶(原味)","58.56","2.8","6"
"0W7DENFIXN","老北京 酸牛奶原味凝固型","86.04","3","12.1"
"0W7DENFIXN","玛丽金 脱脂酸奶(草莓味)","83.33","0.2","17.33"
"0W7DENFIXN","玛丽金 脱脂酸奶(桃子芒果味)","82","0.2","15.8"
"0W7DENFIXN","蒙牛 谷物酸牛奶(黑米+草莓)","95.2","2.9","14.3"
"0W7DENFIXN","蒙牛 冠益乳黄桃酸牛奶","88.19","3","12.5"
"0W7DENFIXN","蒙牛 冠益乳酸牛奶(黄桃果粒)杯装100g","88.19","3","12.5"
"0W7DENFIXN","蒙牛 姜汁酸牛奶","63.3","2.8","6.9"
"0W7DENFIXN","蒙牛 酸牛奶(原味)","85.09","3.1","11.3"
"0W7DENFIXN","蒙牛 酸牛奶航空杯(原味)","90.07","3.2","12.2"
"0W7DENFIXN","蒙牛 未来星 儿童成长优酪乳 草莓风味发酵乳","99.67","2.9","15.2"
"0W7DENFIXN","蒙牛 LABS益生菌优酪乳原味","85.1","3.1","11.3"
"0W7DENFIXN","蒙牛大果粒酸牛奶(芦荟黄桃)(复原乳)","96.56","2.7","15.3"
"0W7DENFIXN","蒙牛大颗果实酸牛奶(蓝莓)","102.77","2.7","16.7"
"0W7DENFIXN","蒙牛消健你好•谷物风味发酵乳(燕麦+黄桃)","99.19","2.9","15.5"
"0W7DENFIXN","蒙牛LABS益生菌优酪乳(香蕉味)","85.09","3.1","11.3"
"0W7DENFIXN","牛奶乐园 发酵乳","88.43","3.3","11.5"
"0W7DENFIXN","纽麦福 奶油草莓味脱脂酸奶(99%脱脂)","88.43","1","15.1"
"0W7DENFIXN","纽麦福 原味低脂酸奶","78.87","1.1","11.8"
"0W7DENFIXN","帕玛拉特 PB200益生菌原味酸牛奶立袋180G","90.34","3.1","12.9"
"0W7DENFIXN","骑士 奶酪(牌)","386","25.4","16.3"
"0W7DENFIXN","青藏牧场青海百年酸奶(黑米青稞)","57.36","2.5","8.5"
"0W7DENFIXN","雀巢 芒果桃子低卡酸奶","92","0.9","14.5"
"0W7DENFIXN","三隆 蜂蜜酸牛奶","62.76","2.5","9.8"
"0W7DENFIXN","山花 酸奶","66.5","2.7","8"
"0W7DENFIXN","山花 原榨果汁酸牛奶(树莓+草莓)","75.53","3","9"
"0W7DENFIXN","山盟 益生菌风味发酵乳 原味","67.88","2.7","8"
"0W7DENFIXN","酸奶(调味)","88","3.2","11.9"
"0W7DENFIXN","酸奶(高蛋白)","62","2.2","7.3"
"0W7DENFIXN","天山雪酸牛奶(原味)","86.52","2.8","10.9"
"0W7DENFIXN","完达山酸牛奶(黄桃果粒)","72","2.7","9.5"
"0W7DENFIXN","万得妙风味发酵乳原味","85.09","3.2","11"
"0W7DENFIXN","卫岗 风味酸牛奶(低脂) 盒装950g","66.92","1.2","12"
"0W7DENFIXN","味全 优酪乳(原味)","88","2.6","13"
"0W7DENFIXN","味全 优酪乳风味发酵乳(草莓口味)","85.33","2.4","13"
"0W7DENFIXN","味全 优酪乳酸牛奶复原乳(草莓口味)杯装100g","84.88","2.2","12"
"0W7DENFIXN","西域春 老酸奶","88.19","2.8","13"
"0W7DENFIXN","新希望 冰莓味风味酸牛奶","77.44","2.6","11"
"0W7DENFIXN","新希望 风味酸牛奶(原味)","96.32","3","14"
"0W7DENFIXN","新希望 活润 新希望活润风味发酵乳(长杯装)","100.14","3.2","14"
"0W7DENFIXN","新希望 柠檬西柚风味酸牛奶","87.72","2.7","13"
"0W7DENFIXN","新希望 山楂枸杞风味酸牛奶","87.72","2.6","13"
"0W7DENFIXN","新希望 原味酸奶","89.39","3","11"
"0W7DENFIXN","雪宝 木糖醇酸奶","49","2.5","4.3"
"0W7DENFIXN","雪宝茯苓酸牛奶家庭装","75.76","2.5","11"
"0W7DENFIXN","扬大原味酸牛奶","72.18","2.3","10"
"0W7DENFIXN","伊利  益消SAB活性乳酸菌原味 100g","81.74","3","11"
"0W7DENFIXN","伊利 畅轻酸奶(草莓果粒)瓶装580g","102.77","2.8","16.7"
"0W7DENFIXN","伊利 畅轻酸奶(黄桃果粒)瓶装580g","102.77","2.8","16.7"
"0W7DENFIXN","伊利 大果粒酸牛奶(红茶+草莓+椰果)","97.99","3.5","14"
"0W7DENFIXN","伊利 大果粒酸牛奶(绿茶+蒟蒻+椰果) 大杯260g","91.78","2.8","14"
"0W7DENFIXN","伊利 优品嘉人优酪乳·酸牛奶[焕颜蓝莓]","77.68","1.2","14"
"0W7DENFIXN","伊利 优品嘉人优酪乳酸牛奶(轻盈黑加仑果粒)","77.68","1.2","14"
"0W7DENFIXN","伊利优品嘉人优酪乳(原味)","73.4","1.5","12"
"0W7DENFIXN","银桥 益生菌酸牛奶(原味)","77.68","2.5","11"
"0W7DENFIXN","优诺 酸奶(黄桃味儿)","75","1.5","12"
"0W7DENFIXN","友芝友 传家心酿酒酿风味酸牛乳","95","2.7","14.9"
"0W7DENFIXN","友芝友 原味酸奶","76","3","9.6"
"0W7DENFIXN","长富 雪儿活性益生菌发酵乳","78.87","2.8","10.8"
"0W7DENFIXN","庄园牧场 芦荟酸奶","50.91","2.5","4.8"
"0W7DENFIXN","卓德 低脂热处理风味发酵乳(森林水果口味)","85.8","1.1","14.8"
"0W7DENFIXN","卓德 低脂热处理风味发酵乳(水蜜桃、西番莲口味)","85.8","1.1","14.8"
"0W7DENFIXN","Astro 草莓脱脂酸奶","40","0","6"
"0W7DENFIXN","Chobani Simply 100 Greek Yogurt (blueberry)","66.67","0","9.33"
"0W7DENFIXN","elite 低脂(1,8%)果味酸奶","87","1.6","13.9"
"0W7DENFIXN","five:am  酸奶(香草味)","111.63","5.12","11.6"
"0W7DENFIXN","Liberté  Liberte 希腊酸奶(0% M.F)(原味)","62.86","0.23","3.43"
"0W7DENFIXN","Linessa Line低脂(0.1%)纯酸奶","52","0.1","7"
"0W7DENFIXN","zottis酸奶(覆盆子)","79.83","0","17.3"
"2MJDHYWZK8","艾思沛 碳酸饮料(橙子味)","46.85","0","11.4"
"2MJDHYWZK8","艾思沛 碳酸饮料(覆盆子味)","44.22","0","10.8"
"2MJDHYWZK8","艾思沛 碳酸饮料(蓝莓味)","45.41","0","11"
"2MJDHYWZK8","艾思沛 碳酸饮料(柠檬味)","46.37","0","11.2"
"2MJDHYWZK8","艾思沛 碳酸饮料(西番莲味)","46.85","0","11.4"
"2MJDHYWZK8","巴黎水 法国［巴黎］含气天然矿泉水","0","0","0"
"2MJDHYWZK8","巴黎水 法国巴黎含气饮料(柠檬味)","0","0","0"
"2MJDHYWZK8","巴黎水 有气矿泉水(青柠味)","0","0","0"
"2MJDHYWZK8","巴氏牌柠檬味汽水","12.19","0","2.8"
"2MJDHYWZK8","北冰洋 酸梅汽水","45.41","0","10.9"
"2MJDHYWZK8","北冰洋汽水(橙汁汽水)","30.59","0","7"
"2MJDHYWZK8","冰峰 (橙味汽水)","31.62","0","7.9"
"2MJDHYWZK8","橙珍(易拉罐装)","25","0","6.1"
"2MJDHYWZK8","橙汁汽水","20","0","5.1"
"2MJDHYWZK8","迪亚天天盐汽水","11.47","0","2.8"
"2MJDHYWZK8","迪亚天天盐汽水柠檬味","10","0","2.5"
"2MJDHYWZK8","芬达 葡萄味汽水(日本产)","49","0","12"
"2MJDHYWZK8","柑柠水含汽苏打水饮料","25.33","0","6"
"2MJDHYWZK8","汉森 含气饮用水","0","0","0"
"2MJDHYWZK8","惠宜 葡萄糖盐汽水(柠檬味)","11.95","0","2.8"
"2MJDHYWZK8","佳得乐 橙味运动饮料","23.42","0","6"
"2MJDHYWZK8","金车 奥利多碳酸饮料","13.5","0","3.3"
"2MJDHYWZK8","金車 金车 冰淇淋汽水","39","0","9.8"
"2MJDHYWZK8","美年达 碳酸饮料(苹果味)","50.63","0","13.1"
"2MJDHYWZK8","柠檬汽水","38","0","9.5"
"2MJDHYWZK8","农夫山泉 苏打红茶","24","0","6"
"2MJDHYWZK8","七喜","30.35","0","7.9"
"2MJDHYWZK8","麒麟 魔力维他命","28","0","6.6"
"2MJDHYWZK8","麒麟魔力 氨基酸(氨基酸250)","36.3","0","6"
"2MJDHYWZK8","气流 果汁汽水(水蜜桃果汁汽水)","28","0","7"
"2MJDHYWZK8","屈臣氏  青柠味苏打汽水 Lime Soda","0","0","0"
"2MJDHYWZK8","屈臣氏 蜜桃味苏打汽水 Peach Soda","0","0","0"
"2MJDHYWZK8","屈臣氏 沙示汽水(无糖)","0","0","0"
"2MJDHYWZK8","屈臣氏 苏打汽水","0","0","0"
"2MJDHYWZK8","屈臣氏 汤力水","34","0","8.8"
"2MJDHYWZK8","屈臣氏沙示汽水","43.26","0","10.8"
"2MJDHYWZK8","日加满 碳酸饮料","28","0","6.8"
"2MJDHYWZK8","三得利 不思议の国碳酸饮料(巧克力味)","49","0","12.1"
"2MJDHYWZK8","三得利 姜汁","37","0","9.6"
"2MJDHYWZK8","三得利 酷汽力(水蜜桃味汽水)","59.27","0","7"
"2MJDHYWZK8","三得利 柠檬果汁","40","0","10.1"
"2MJDHYWZK8","三得利 巧克力汽水","49","0","12.1"
"2MJDHYWZK8","三得利 苏打","0","0","0"
"2MJDHYWZK8","三得利 滋补水","35","0","8.8"
"2MJDHYWZK8","三得利 DEKAVITAC能量饮料","54","0","13.5"
"2MJDHYWZK8","三佳利 菠萝味碳酸饮料","39.91","0","10.1"
"2MJDHYWZK8","三佳利 混合果味波子碳酸饮料","43.98","0","10.9"
"2MJDHYWZK8","三佳利 梅子味碳酸饮料","34.89","0","8.7"
"2MJDHYWZK8","三佳利 柠檬味碳酸饮料","39.91","0","10.1"
"2MJDHYWZK8","圣培露 带汽矿泉水","0","0","0"
"2MJDHYWZK8","圣培露 柑橘味碳酸饮料","47.8","0","11.3"
"2MJDHYWZK8","圣培露 柠檬果汁碳酸饮料","45.65","0","10.5"
"2MJDHYWZK8","圣培露 天然气泡矿泉水","0","0","0"
"2MJDHYWZK8","实达轩芒果味碳酸饮料","10.57","0","6"
"2MJDHYWZK8","台湾 黑松沙士","42","0","10"
"2MJDHYWZK8","特制柠檬汽水","50","0","12.5"
"2MJDHYWZK8","特制汽水","42","0","10.5"
"2MJDHYWZK8","娃哈哈 哇哈哈 非常甜橙","39","0","9"
"2MJDHYWZK8","醒目 柠檬味盐汽水","21.99","0","5.3"
"2MJDHYWZK8","醒目 苹果味汽水","13.19","0","3.12"
"2MJDHYWZK8","醒目 水蜜桃味汽水饮料","34.42","0","8"
"2MJDHYWZK8","醒目苹果味汽水饮料","13.15","0","3"
"2MJDHYWZK8","雪碧 冰加茶味","44.69","0","10.7"
"2MJDHYWZK8","亚利桑那 苏打汽水(草莓奶油味)","37.64","0","10"
"2MJDHYWZK8","亚利桑那 苏打汽水(橙子奶油味)","37.64","0","10"
"2MJDHYWZK8","亚利桑那 苏打汽水(蓝莓奶油味)","37.64","0","10"
"2MJDHYWZK8","亚利桑那 苏打汽水(香草奶油味)","37.64","0","10"
"2MJDHYWZK8","亚洲 亞洲沙示汽水","25.81","0","6.4"
"2MJDHYWZK8","延中 盐汽水","10.52","0","2.5"
"2MJDHYWZK8","延中乌梅味汽水","25.1","0","6"
"2MJDHYWZK8","怡泉 +c柠檬味汽水(灌装)","50.99","0","12.21"
"2MJDHYWZK8","怡泉 苏打水碳酸饮料","0","0","0"
"2MJDHYWZK8","怡泉 汤力水汽水","37.88","0","8.91"
"2MJDHYWZK8","莹纯 盐汽水","11.21","0","2.8"
"2MJDHYWZK8","玉泉 忌廉味汽水","18.4","0","4.6"
"2MJDHYWZK8","运得 蓝莓味含气饮料","22.95","0","6"
"2MJDHYWZK8","运动饮料","45","0.1","11"
"2MJDHYWZK8","庄臣柠檬苏打汽水","0","0","0"
"2MJDHYWZK8","ASEED 功能性碳酸饮料","33.22","0","8.9"
"2MJDHYWZK8","ASEED 葡萄味碳酸饮料","45.17","0","12.1"
"2MJDHYWZK8","Canada dry ginger 加拿大10卡路里干姜汽水","2.82","0","0.56"
"2MJDHYWZK8","Chungjungone 清净园 柠檬红醋碳酸饮料","20.22","0","20.77"
"2MJDHYWZK8","Chungjungone 清净园 石榴红醋碳酸饮料","21.15","0","22.31"
"2MJDHYWZK8","Crush 百事可乐(草莓味)","47.87","0","12.96"
"2MJDHYWZK8","DyDo 达亦多 姜汁味碳酸饮料","15.54","0","3.8"
"2MJDHYWZK8","DyDo 达亦多 葡萄味碳酸饮料(含果冻粒)","67.4","0","16.6"
"2MJDHYWZK8","Ginter 运得牌 青苹果味含气饮料","22.95","0","6"
"2MJDHYWZK8","Ginter 运得牌 水蜜桃味含气饮料","22.95","0","6"
"2MJDHYWZK8","GUS格斯 GUS 格斯 瓦伦西亚橙子苏打水碳酸饮料","26.53","0","6.7"
"2MJDHYWZK8","POKKA 碳酸饮料(甜瓜味)","26","0","6.3"
"2MJDHYWZK8","PRiO 柠檬碳酸饮料","16.97","0","5"
"2MJDHYWZK8","Sangaria 三加利 碳酸饮料(葡萄味波子)","49","0","12.2"
"2MJDHYWZK8","SANPELLEGRINO圣培露 含气加糖果汁饮料(柑橘口味)","47.08","0","11.1"
"2MJDHYWZK8","SchwipSchwap 橘子味可乐","43","0","10.9"
"2MJDHYWZK8","skal 南日本 牛奶芒果味碳酸饮料","51","0","12.4"
"2MJDHYWZK8","skal 南日本 牛奶味碳酸饮料","52","0","12.6"
"2MJDHYWZK8","SKAL乳酸碳酸飲料","52","0","12.6"
"2MJDHYWZK8","TUBORG 橙汁汽水","46","0","11.2"
"2VFC753X2J","阿智即食燕麦片","350","7.3","60"
"2VFC753X2J","奥麦康 燕麦片","334.6","11","52"
"2VFC753X2J","澳洲燕麦片","359","7.3","60.4"
"2VFC753X2J","宝氏 谷物脆麦片","432.5","12.5","72.5"
"2VFC753X2J","宝氏 蓝莓麦片","395.08","5.3","81.6"
"2VFC753X2J","宝氏 巧克力早餐麦片","383.33","4","83.33"
"2VFC753X2J","宝氏 提子麦麸麦片","322.03","1.69","77.97"
"2VFC753X2J","超级 高钙麦片","414.27","8.67","78.67"
"2VFC753X2J","超级 核桃麦片","416.54","9.14","78.57"
"2VFC753X2J","超级 麦片不加蔗糖麦片","418.27","9","77.67"
"2VFC753X2J","超级 麦片核桃味","413.96","8","79.5"
"2VFC753X2J","超级 牌葡萄糖麦片","400","6.67","80"
"2VFC753X2J","超级 原味麦片","412.1","8","80"
"2VFC753X2J","锄禾 快熟燕麦片","394.36","8","62"
"2VFC753X2J","多力香奶麦片(原味)","418.74","10.6","75.8"
"2VFC753X2J","凤宝 燕麦片","372.61","5.6","64.8"
"2VFC753X2J","该粉","299","2.9","60"
"2VFC753X2J","格兰 诺拉麦片","400","20","46.67"
"2VFC753X2J","桂格 即沖營養燕麥片原味","334","9","63.4"
"2VFC753X2J","桂格即沖營養燕麥片莓果味","412","10.1","75.1"
"2VFC753X2J","桂格即沖營養燕麥片巧克力味","396","9","68"
"2VFC753X2J","哈贝斯 五种谷物榛子仁燕麦片","372.84","8.4","56"
"2VFC753X2J","哈贝斯 五种水果蜂蜜燕麦片","353.72","6.2","59.4"
"2VFC753X2J","哈贝斯 NATURALMUSLI(5GRAIN+HAZELNUT)","372.84","8.4","56"
"2VFC753X2J","好客佳 提子麦麸营养麦片","376.43","1.79","80.36"
"2VFC753X2J","亨利 什锦水果干原味麦片","333","5.4","63.5"
"2VFC753X2J","皇巢燕麦片","355","7.5","60.5"
"2VFC753X2J","吉之岛牌即食燕麦片","368.07","8.2","60"
"2VFC753X2J","佳之选原粒大燕麦片","420","11.7","58.2"
"2VFC753X2J","家乐氏 可可米早餐麦片","390","2.5","85"
"2VFC753X2J","家乐氏 KELLOGG葡萄干麦片","339.91","1.78","62.89"
"2VFC753X2J","家乐氏 SPECIALK麦片","380","0.5","79"
"2VFC753X2J","金味 纯生燕麦片","383.13","8.5","56.1"
"2VFC753X2J","苦荞麦片(无糖)","411","8","77.9"
"2VFC753X2J","乐购 麦脆片(麦片)","380","1.2","84"
"2VFC753X2J","理想 快熟燕麦片","403.44","9","70"
"2VFC753X2J","洛仕 营养谷类麦片(五谷)","357.55","4.2","64"
"2VFC753X2J","马莎 草莓杏仁燕麦片","456.5","19.6","60.8"
"2VFC753X2J","马玉山 黑豆全谷滋养餐","443.33","13","70"
"2VFC753X2J","麦可爱免煮燕麦片","370.46","0","65"
"2VFC753X2J","麦片","368","7.4","67.3"
"2VFC753X2J","麦片(原味香奶)","406","9","82.8"
"2VFC753X2J","梅林即食魔芋面","8.13","0","2.8"
"2VFC753X2J","尼可莉 全麦片","330","2.2","64.5"
"2VFC753X2J","品格燕麦片","351.34","7.3","60.4"
"2VFC753X2J","巧丹思 全麦麦片","320","0","65.9"
"2VFC753X2J","雀巢 红枣高铁配方麦片","384","3.72","80.4"
"2VFC753X2J","雀巢 优麦3合1牛奶燕麦片","403.44","6.2","77.2"
"2VFC753X2J","雀巢 优麦高纤配方麦片","382.4","7.2","72.4"
"2VFC753X2J","日清 CISCOS伴奶玉米麦片(朱古力)","382.5","1.6","87.5"
"2VFC753X2J","爽奇即食燕麦片","355","7.5","60.5"
"2VFC753X2J","私厨日记 苦荞蔬果燕麦","353.73","6","65"
"2VFC753X2J","唐纳兹 燕麦片(原味)","385.99","6.5","67.8"
"2VFC753X2J","特惠牌即溶营养麦片巧克力口味","413.33","6.33","80"
"2VFC753X2J","特乐福即食燕麦片","355","7.5","60.5"
"2VFC753X2J","万基 萬基纯香原味燕麦片","298.28","4","60"
"2VFC753X2J","萬基澳洲农庄燕麦片","372","7","60"
"2VFC753X2J","王氏 免煮燕麦片","256.2","6","40"
"2VFC753X2J","五谷食尚 五谷伴侣 草莓燕麦片","416.35","15","52.2"
"2VFC753X2J","五谷食尚 五谷伴侣提子燕麦片","453.15","20.8","54"
"2VFC753X2J","西麦 西澳阳光核桃牛奶燕麦片","431","12","71.2"
"2VFC753X2J","西麦 有机燕麦片即食","380.5","8","60"
"2VFC753X2J","雅迪特 牌全麸麦片","312.38","2","60"
"2VFC753X2J","燕麦片","338","0.2","77.4"
"2VFC753X2J","燕麦片(果仁，甜)","402","11.1","73.5"
"2VFC753X2J","燕麦片(免煮即食)","408.7","10.1","55.2"
"2VFC753X2J","优佳 即食燕麦片","414.67","8.5","71.5"
"2VFC753X2J","优佳 快熟燕麦片","406","9.5","72.5"
"2VFC753X2J","玉米片","365","0.8","86"
"2VFC753X2J","玉米片(低钠)","384","0.3","89.9"
"2VFC753X2J","玉米片(即食粥)","391","3.7","82.3"
"2VFC753X2J","约克 燕麦片","368.1","8.2","60"
"2VFC753X2J","悦活果蔬燕麦 混合性燕麦片 组合装","380.02","7.5","62.8"
"2VFC753X2J","早餐先生 混合谷物麦片","384.56","4.9","76.4"
"2VFC753X2J","早早麦 即食燕麦片","380.74","8.7","60.5"
"2VFC753X2J","早早麦 免煮燕麦片","358.51","7.5","60"
"2VFC753X2J","早早麦水果燕麦片(苹果葡萄口味)","430.21","11.9","70"
"2VFC753X2J","早早麦水果燕麦片橘子口味","439.77","14.1","69.8"
"2VFC753X2J","早早麦有机燕麦片","382.41","8.6","65"
"2VFC753X2J","智强核桃燕麦片","382.8","8","70"
"2VFC753X2J","Alnatura 有机草莓酸奶苋菜籽麦片","370.94","5.6","64.8"
"2VFC753X2J","Alnatura 有机蓝莓酸奶麦片","361","6.7","61.3"
"2VFC753X2J","Arrowhead Mills Arrowhead传统有机斯佩尔特麦片","400","1.67","80"
"2VFC753X2J","Cascadian Farm有机蜂蜜格兰诺拉燕麦片","416.67","10","75"
"2VFC753X2J","Cascadian Farm有机肉桂提子格兰诺拉麦片","383.33","5","76.67"
"2VFC753X2J","familia 瑞氏麦 FAMILIA 瑞士麦 巧克力香蕉夹心麦片","430.21","12","73"
"2VFC753X2J","Goodness古德利 古德利 谷物麦片(绿色包装)","315.01","9.3","38"
"2VFC753X2J","ICA 45%水果麦片","340","4.5","64"
"2VFC753X2J","ica 燕麦46%水果","380","8","58"
"2VFC753X2J","kupiec 即冲燕麦片","380","7","62"
"2VFC753X2J","MeadFarm 绿茵草原 即食燕麦片","414.67","8.5","71.5"
"2VFC753X2J","MeadFarm 绿茵草原 快熟燕麦片","405.59","9.5","72.5"
"2VFC753X2J","Nicola's Organics 优质有机无麩质多样水果种子麦片","395.17","7.67","69.67"
"2VFC753X2J","ROGERS男爵 ROGERS 男爵 蔓越莓杏仁五谷脆麦片","433.56","13.4","65.3"
"2VFC753X2J","ROGERS男爵 ROGERS 男爵 葡萄干五谷脆麦片","427.58","11.9","67.5"
"2VFC753X2J","Scottish SO有机燕麦片","356","8","60"
"2VFC753X2J","Sunny Crunch 阳光牌 香脆蜂蜜杏仁燕麦片","363.29","5.45","72.73"
"2VFC753X2J","Sunny Crunch 阳光牌 香脆葡萄干杏仁燕麦片","363.29","5.45","72.73"
"2VFC753X2J","Vogel ‘s沃格尔 Vogel坚果口味混合麦片","415.87","13.78","54.89"
"2VFC753X2J","Хлопья Мюсли","313.3","3.5","64.9"
"3G47JL72JO","爱必顿 WEIGHTGAIN","403.68","10","52"
"3G47JL72JO","爱氏晨曦 BABY+ME有机幼儿配方奶粉(3段)","468.45","20.6","52"
"3G47JL72JO","鞍达 金装较大婴儿配方奶粉(2段)","466.06","19.3","55.4"
"3G47JL72JO","鞍达 全脂甜奶粉","501.91","21","55"
"3G47JL72JO","达诺 特级烘焙乳粉","492.83","25.5","48.5"
"3G47JL72JO","德露滋 婴儿配方奶粉(1段)","517.21","27.7","55.4"
"3G47JL72JO","德露滋 幼儿配方奶粉(3段)","517.21","27.7","55.4"
"3G47JL72JO","低脂奶粉","425","11.9","55.9"
"3G47JL72JO","多美滋 多领加延续较大婴幼儿配方奶粉","478.25","21.3","54.6"
"3G47JL72JO","飞鹤 学生高钙奶粉","457.93","18","55"
"3G47JL72JO","高登考拉 金装婴幼儿配方奶粉(二段)","477.29","20.9","52.9"
"3G47JL72JO","高登考拉 金装婴幼儿配方奶粉(三段)","473.23","20","50.9"
"3G47JL72JO","高登考拉 金装婴幼儿配方奶粉(一段)","518.16","28.35","52.25"
"3G47JL72JO","高登考拉 脱脂速溶奶粉","361.8","1.2","52.8"
"3G47JL72JO","高原之宝 全脂牦牛奶粉","489.96","30","31.4"
"3G47JL72JO","韩国脱脂奶粉","355","1","52"
"3G47JL72JO","荷兰乳牛 高钙营养奶粉","502","28","38.5"
"3G47JL72JO","荷兰乳牛 学生配方奶粉(罐装)","455.07","18","56.5"
"3G47JL72JO","辉山 较大婴儿和幼儿配方奶粉(2段)","509.08","26","56.5"
"3G47JL72JO","辉山金皇后 婴儿配方奶粉(1段)","509.08","26","56.5"
"3G47JL72JO","惠氏 Wyeth S-26金装爱儿乐婴儿配方奶粉(1段)","513.15","28","54"
"3G47JL72JO","蒋卫锁 女士配方纯莎能羊奶粉","495","26","42"
"3G47JL72JO","杰赋 超金钻婴儿配方羊奶粉(1段)","501.91","26","55"
"3G47JL72JO","杰赋 超金钻幼儿配方羊奶粉(3段)","478.01","20.5","56"
"3G47JL72JO","杰赋 可宁可Q100 较大婴儿配方奶粉(2段)","466.06","19.5","56"
"3G47JL72JO","杰赋 喜羊羊 金装较大婴儿配方羊奶粉(2段)","471.56","20","55"
"3G47JL72JO","杰赋 喜羊羊 金装幼儿配方羊奶粉(3段)","473.95","20.5","53.5"
"3G47JL72JO","杰赋 喜羊羊 婴儿配方羊奶粉(1段)","504.3","26","55"
"3G47JL72JO","杰赋 喜羊羊 幼儿配方羊奶粉(3段)","469.65","20","53"
"3G47JL72JO","金贝美多 女士羊乳粉","489.96","22.5","45"
"3G47JL72JO","金贝美多 中老年羊乳粉","478.01","22.5","48"
"3G47JL72JO","金禧羊羊 金装婴儿羊奶粉(1段)","501.91","26.5","54.5"
"3G47JL72JO","迈高精装孕产妇配方奶粉","410.37","10","52.6"
"3G47JL72JO","美可卓 纯羊奶粉","520.08","31","35.5"
"3G47JL72JO","美羚 全脂无糖羊奶粉","501.91","27","34"
"3G47JL72JO","美羚 中老年羊奶粉","454.11","21","54"
"3G47JL72JO","美素佳儿GOLD金装妈妈奶粉(调制乳粉)","440.97","17.5","39.6"
"3G47JL72JO","母乳化奶粉","510","27.1","51.9"
"3G47JL72JO","奶粉(多维奶粉)","484","22.7","49.9"
"3G47JL72JO","牛奶客 婴幼儿奶粉(1段)","494.74","26","57.1"
"3G47JL72JO","牛奶客 婴幼儿奶粉(2段)","490.92","25.1","52.5"
"3G47JL72JO","纽利兹 金装较大婴儿配方奶粉(2段)","492.59","24","53"
"3G47JL72JO","全脂牛奶粉","478","21.2","51.7"
"3G47JL72JO","全脂速溶奶粉","466","18.9","54"
"3G47JL72JO","雀巢 三花脱脂奶粉(窈窕配方)","311","0.8","49"
"3G47JL72JO","雀巢 幼儿奶粉( 金牌)","463","18","56.8"
"3G47JL72JO","瑞一宝 初乳牛奶粉","471","21.2","58.7"
"3G47JL72JO","森永 美肌脱脂高钙奶粉(含胶原蛋白)","358","0.9","50.2"
"3G47JL72JO","圣妃 较大婴儿配方羊奶粉(2段)","478.25","22.7","54"
"3G47JL72JO","圣妃 婴儿配方羊奶粉(1段)","505.02","26.6","54"
"3G47JL72JO","太子乐 儿童奶粉","472.28","21","54.3"
"3G47JL72JO","太子乐 金100 婴儿配方奶粉(1段)","500.48","26.49","54.5"
"3G47JL72JO","太子乐 金100 幼儿配方奶粉(3段)","476.34","21.4","54.3"
"3G47JL72JO","太子乐 乳铁蛋白LF婴儿配方奶粉(1阶段)","500","26.39","54.8"
"3G47JL72JO","太子乐 婴儿配方奶粉(1段)","501.67","26.77","54.4"
"3G47JL72JO","太子乐 中老年奶粉","481.84","22","53.3"
"3G47JL72JO","太子乐 α乳清蛋白 较大婴儿配方奶粉(2段)","494.02","24.7","51.3"
"3G47JL72JO","太子乐 α乳清蛋白 婴儿配方奶粉(1段)","499.52","26.3","52.3"
"3G47JL72JO","太子乐 α乳清蛋白 孕产妇奶粉","480.4","22.4","53.6"
"3G47JL72JO","特福芬 有机宝宝奶粉(1段)","509","23","65.5"
"3G47JL72JO","特福芬 有机宝宝奶粉(3段)","459","14","69.8"
"3G47JL72JO","特福芬 有机孕妇奶粉","443","17","50"
"3G47JL72JO","完达山 全脂甜奶粉","487.3","24","48.5"
"3G47JL72JO","雪印 北海道脱脂奶粉","357","0.6","51.5"
"3G47JL72JO","雅士利 能慧金装婴儿配方奶粉( 1段)","508.13","27.3","53.2"
"3G47JL72JO","燕山 牌 全脂甜奶粉","468.45","17.6","59"
"3G47JL72JO","羊羊100 蓝装系列 较大婴儿配方羊奶粉(2段)","477.53","20.6","55.7"
"3G47JL72JO","羊羊100 全能系列 婴儿配方羊奶粉(1段)","473.23","19.5","56.5"
"3G47JL72JO","伊利 果享 学生奶粉","466.78","18.9","53.1"
"3G47JL72JO","伊利 全脂奶粉(牌)","504","26","45.5"
"3G47JL72JO","伊利 全脂甜奶粉(牌)","476","21","52.8"
"3G47JL72JO","英佰瑞 成年人脱脂奶粉","349","0.6","50.4"
"3G47JL72JO","婴儿奶粉","443","15.1","57"
"3G47JL72JO","婴儿配方奶粉(力多精1，雀巢)","502","25.5","58.9"
"3G47JL72JO","幼儿奶粉","448","18.4","48.6"
"3G47JL72JO","孕妇乳母奶粉(惠氏)","405","6.8","70"
"3G47JL72JO","中老年奶粉","403","5.8","62.6"
"3G47JL72JO","Diploma Instant Skim Milk Powder","225.85","0.75","33"
"3G47JL72JO","Fresco 芙思柯 金装较大婴儿配方山羊奶粉(2段)","492.83","24","52"
"3G47JL72JO","Fresco 芙思柯 金装幼儿配方山羊奶粉(3段)","498.57","26","56"
"3G47JL72JO","Karihome卡洛塔妮 速溶调制羊乳粉","508.37","29","35.5"
"3G47JL72JO","LOTCARE 纽加力 2段较大婴儿配方奶粉","492.59","24.11","52.97"
"3G47JL72JO","mleko 罗兹姑娘 Mleko 妙可全脂奶粉","498.09","26","40"
"3G47JL72JO","NEWINGS 纽韵 纽韵即溶全脂奶粉","443.83","23.7","34.3"
"3G47JL72JO","NEWINGS 纽韵 NEWINGS/纽韵 即溶全脂奶粉","443.83","23.7","34.3"
"3G47JL72JO","ONCARE 旺儿佳 较大婴儿配方奶粉(2段)","476.34","21","55"
"3G47JL72JO","ONCARE 旺儿佳 全脂奶粉","491.4","26.3","38.8"
"3G47JL72JO","ONCARE 旺儿佳 旺儿佳脱脂奶粉","366.63","0.7","55.7"
"3G47JL72JO","PUREL哺尔 PUREL 哺尔 超级呵护较大婴儿配方奶粉(2段)","479.21","21.7","54.5"
"3G47JL72JO","PUREL哺尔 PUREL 哺尔 超级金装婴儿配方奶粉(1段)","493.31","24.5","50.2"
"3G47JL72JO","PUREL哺尔 PUREL 哺尔 超级金装幼儿配方奶粉(3段)","493.31","24.5","50.2"
"3G47JL72JO","PUREL哺尔 PUREL 哺尔 呵护较大婴儿配方奶粉(2段)","463.67","17.3","60.8"
"3G47JL72JO","PUREL哺尔 PUREL 哺尔 呵护幼儿配方奶粉(3段)","461.28","18","55"
"3G47JL72JO","smilegrowth 诗妙健 婴幼儿配方奶粉(1段)","509.56","28","51"
"3G47JL72JO","smilegrowth 诗妙健 婴幼儿配方奶粉(3段)","495.22","25","48"
"3G47JL72JO","WOOLWORTHS 全脂奶粉","517.63","28.57","40"
"3G47JL72JO","WOOLWORTHS 脱脂奶粉","361.36","0.8","52.8"
"3G47JL72JO","Yumnutri 雅姆·蓝河牧场 贝能六优 金装较大婴儿高级配方羊奶粉(2段)","479.92","20.2","58.2"
"3G47JL72JO","Yumnutri 雅姆·蓝河牧场 贝能六优 金装婴儿高级配方羊奶粉(1段)","504.3","25.3","57.7"
"3G47JL72JO","Yumnutri 雅姆·蓝河牧场 贝能六优 金装幼儿高级配方羊奶粉(3段)","475.62","19.8","57.5"
"3STTPBRR3I","7-FRESH 原味豆浆","31.79","1.8","0.7"
"3STTPBRR3I","白玉 100%卤水北豆腐","88.91","5","1"
"3STTPBRR3I","白玉 白干","190.01","13.3","3.3"
"3STTPBRR3I","白玉 黑豆豆浆(瓶装)","48.74","1.2","7"
"3STTPBRR3I","白玉 鸡蛋豆腐","77.53","5.5","1.6"
"3STTPBRR3I","白玉 家庭号无糖豆浆","23.42","1.5","0"
"3STTPBRR3I","白玉 熏干","203.39","14","0.6"
"3STTPBRR3I","百味林苏式豆腐干卤汁味","262.19","12.6","21.8"
"3STTPBRR3I","梆梆香绢豆腐","53.54","2.9","0.8"
"3STTPBRR3I","采石矶 茶干","215","2.4","23"
"3STTPBRR3I","晨恩 黑椒素排","304.97","16.9","21.1"
"3STTPBRR3I","晨恩 素烤鸭","338","22","20"
"3STTPBRR3I","晨恩 素蜜汁叉烧","341","21","21"
"3STTPBRR3I","晨恩 素十八罗汉","338","22","20"
"3STTPBRR3I","晨恩 素鱼香肉丝","224","12","19"
"3STTPBRR3I","甸禾 有机黄豆","370.94","5.8","44.5"
"3STTPBRR3I","丁三子 豆浆皮","408.94","17.4","18.8"
"3STTPBRR3I","豆豆食品 五香豆腐卷","194.07","11","3.8"
"3STTPBRR3I","豆腐","84","5.3","3.4"
"3STTPBRR3I","豆腐干(白干)","197","11.3","9.6"
"3STTPBRR3I","豆腐干(卤干)","339","16.7","33.4"
"3STTPBRR3I","豆腐干(蒲包干)","135","5.7","8.9"
"3STTPBRR3I","豆腐干(香干)","152","7.8","5.1"
"3STTPBRR3I","豆腐干(熏干)","154","6.2","8.8"
"3STTPBRR3I","豆腐皮(干)","447","23","12.5"
"3STTPBRR3I","豆腐丝","203","10.5","6.2"
"3STTPBRR3I","豆腐丝(干)","451","22.8","3.7"
"3STTPBRR3I","豆肝尖","203","12","9.4"
"3STTPBRR3I","豆粕(膨化)","333","0.7","48"
"3STTPBRR3I","福嘉 超嫩豆腐","48.97","1.9","2.9"
"3STTPBRR3I","福嘉 绢豆腐","120.7","4.4","8.6"
"3STTPBRR3I","福嘉厚千张","237.33","11.9","7.9"
"3STTPBRR3I","福禄源 豹皮豆腐","179.49","9.5","6.4"
"3STTPBRR3I","谷统台式素香肠","189.3","10","13.9"
"3STTPBRR3I","哈哈寨 豆腐皮","454.11","18.5","22.1"
"3STTPBRR3I","汉康日本豆腐","50.19","3.7","0.8"
"3STTPBRR3I","黑豆","401","15.9","33.6"
"3STTPBRR3I","宏基 千叶豆腐条","171.13","8.6","10.7"
"3STTPBRR3I","鸿兴 兰花串","351.34","30","3"
"3STTPBRR3I","金润益 黄豆粉","400","16.67","32"
"3STTPBRR3I","康美天千页豆腐","215.11","14","5"
"3STTPBRR3I","来伊份 卤汁豆腐干","273.66","11.4","31.4"
"3STTPBRR3I","老大房 卤汁豆腐干","344.89","11.4","45.6"
"3STTPBRR3I","六源 纯大卤干","215.11","9","6.4"
"3STTPBRR3I","龙华寺 八宝鸭(净素)","191.44","12","4.4"
"3STTPBRR3I","卤味世家 全家卤腐竹","178.3","3.5","14.9"
"3STTPBRR3I","鲁润 吉烧大串","271.51","16.9","7.2"
"3STTPBRR3I","绿巨人 丽仍豆","358.99","16","34.2"
"3STTPBRR3I","麻辣哈哈豆皮","164","6.6","10.5"
"3STTPBRR3I","马莎 焗豆罐头","83.65","0","13.4"
"3STTPBRR3I","内酯豆腐","50","1.9","3.3"
"3STTPBRR3I","年年有 大豆蛋白 爆辣素兔肉","305.45","17.3","14.4"
"3STTPBRR3I","年年有 大豆蛋白 酱香素鹅肉","305.45","17.3","14.4"
"3STTPBRR3I","齐善食品 三杯素肥肠","245.46","14.9","4.6"
"3STTPBRR3I","齐善食品 素培根云腿片","209.85","15.6","4.6"
"3STTPBRR3I","齐善食品 素燕丸","24.86","1.2","3.5"
"3STTPBRR3I","奇乡 鱼香素牛肉","263.86","14.7","12.8"
"3STTPBRR3I","千面豆腐","142.45","6.5","5.5"
"3STTPBRR3I","青豆(干)","398","16","35.4"
"3STTPBRR3I","清美 扬州干丝","179.25","6.5","2.9"
"3STTPBRR3I","清美素牛肉","220.84","7","18.7"
"3STTPBRR3I","日昇 豆浆皇","64","2","7.6"
"3STTPBRR3I","三皇街 话梅豆腐干","301.39","11.6","31.9"
"3STTPBRR3I","三皇街 苏州豆腐干","302.82","11.7","32.1"
"3STTPBRR3I","三皇街 无锡素面筋","332.7","13.1","35.1"
"3STTPBRR3I","山海关 内脂豆腐","41.09","2.1","1.1"
"3STTPBRR3I","山水 甜豆浆","50","1.88","5.83"
"3STTPBRR3I","素火腿","213","13.2","4.8"
"3STTPBRR3I","万有全 黑豆豆浆","38.24","1.9","1.8"
"3STTPBRR3I","味全素瓜仔肉","217","7.7","27.9"
"3STTPBRR3I","文明堂千叶脆豆腐","71.46","0","8.6"
"3STTPBRR3I","五谷香冰糖豆腐花(红豆味)","61.19","1.3","10"
"3STTPBRR3I","象山 象山腐竹","475.38","25","18"
"3STTPBRR3I","雄鸡标 蕃茄汁焗豆(原味)","76.4","0","15"
"3STTPBRR3I","旭洋 油豆腐","270.08","13.9","12.5"
"3STTPBRR3I","雅方 手工火锅冻豆腐","73","3.6","3"
"3STTPBRR3I","艺杏 7度豆浆","49","1.8","5"
"3STTPBRR3I","雨润酱卤豆腐干(梅汁)","232.07","16.4","6.8"
"3STTPBRR3I","玉叶 豆腐皮","520.08","35.4","13.3"
"3STTPBRR3I","玉叶 豆腐皮(果蔬豆腐皮)","520.08","35.4","13.3"
"3STTPBRR3I","缘素 第一素鱼","302.58","22.9","9.8"
"3STTPBRR3I","缘素 美味素肠","53.3","2.4","7.9"
"3STTPBRR3I","缘素 素鸡翅","302.58","22.9","9.8"
"3STTPBRR3I","缘素 素肉排","371.65","30.3","9.4"
"3STTPBRR3I","斋九福 僧斋宝","239.96","12.1","11"
"3STTPBRR3I","斋九福 山珍燕丸","224.43","10","16.3"
"3STTPBRR3I","斋善 素鸡腿","184.18","10.2","13.8"
"3STTPBRR3I","张公山寨 腊八豆","323.61","25.9","11.2"
"3STTPBRR3I","张小宝 素肠","130","1","7"
"3STTPBRR3I","祖名 甜豆浆","51.63","2.7","4.6"
"3STTPBRR3I","祖名 盐卤老豆腐","67.4","4.1","1"
"3STTPBRR3I","祖名素鸡","175.67","10","6"
"3STTPBRR3I","figo 家美食 Figo 干贝海鲜豆腐","116.87","0","20"
"3STTPBRR3I","Heirler 有机纯素萨拉米香肠","315","26.3","14.3"
"3STTPBRR3I","Heirler 有机纯素上校鸡块","266","15.4","13.8"
"3STTPBRR3I","Heirler 有机纯素猪排","264","15.7","12"
"3STTPBRR3I","m-syoku 御城纳豆","142.21","3.7","7.2"
"3STTPBRR3I","Misuzu 冻豆腐干","539.39","36.97","0.61"
"3STTPBRR3I","WAKODO和光堂  WAKODO 和光堂 鸡肝麻婆豆腐","43.75","1.25","5.75"
"3STTPBRR3I","ヤマダイ北海道函馆昆布纳豆(极小粒)","198.38","10","17"
"44ELNPAHH8","奥多利拍摩德纳芳香醋","444","0","88.67"
"44ELNPAHH8","白醋","6","0.6","0"
"44ELNPAHH8","百味佳 鸡精","248.09","4.3","38.2"
"44ELNPAHH8","百味佳 嫩肉粉","344.65","0","84.8"
"44ELNPAHH8","鲍勃红磨坊 BOB'SREDMILLCARAWAYSEEDS","227.27","0","45.45"
"44ELNPAHH8","厨之选 青芥粉","351.34","6","58.2"
"44ELNPAHH8","春砂 黄皮醋","29.88","0","6.4"
"44ELNPAHH8","醋","31","0.3","4.9"
"44ELNPAHH8","富良野 カレー野菜咖喱","67","1.8","11"
"44ELNPAHH8","富士食品 洋葱炖肉味炒饭料(干料)","242.86","1.43","47.14"
"44ELNPAHH8","糕丽饰品 四格仙女粉红白混装","400","4","94"
"44ELNPAHH8","廣燦 乌豆沙","420.89","23.8","43.8"
"44ELNPAHH8","哈奇 盖浇饭汁(3种海鲜)","80","4.69","6.81"
"44ELNPAHH8","好侍 佳瓦咖喱(不辣)","560.23","42.3","38.6"
"44ELNPAHH8","好侍 咖喱盖浇汁","95.24","5.33","9.14"
"44ELNPAHH8","花椒","316","8.9","66.5"
"44ELNPAHH8","皇城老妈工坊 红汤 川西菜籽油火锅底料","599.9","50.5","23.7"
"44ELNPAHH8","嘉乐 香菇滑鸡速食调理包","157.74","7.5","16.1"
"44ELNPAHH8","嘉乐 香乐大排速食调理包","110.66","4.1","7.6"
"44ELNPAHH8","江原 烧肉汁","127.78","1.11","24.44"
"44ELNPAHH8","酱油(冬菇)","39","0.1","5.9"
"44ELNPAHH8","酱油(多味)","86","0.4","12.9"
"44ELNPAHH8","酱油(高级)","71","0.2","9"
"44ELNPAHH8","酱油(三级)","40","0.4","2.4"
"44ELNPAHH8","酱油(三鲜)","41","0.1","6.6"
"44ELNPAHH8","酱油(味精)","51","0.1","5.7"
"44ELNPAHH8","可达怡 白胡椒粉","322.18","2.1","64.3"
"44ELNPAHH8","可果美 酿熟猪排调味汁","151","0","36.7"
"44ELNPAHH8","苦豆子","270","2.4","72.3"
"44ELNPAHH8","酷克壹佰 烤肉料(新蜜汁烤肉)","262.93","0","66.43"
"44ELNPAHH8","辣椒粉","290","9.5","57.7"
"44ELNPAHH8","老抽","129","0.3","23.8"
"44ELNPAHH8","美极 波伦亚焗肉酱料","318","6","56.3"
"44ELNPAHH8","七式 传统老五仁馅料","390.54","15.7","56.6"
"44ELNPAHH8","奇子香 栗油回味膏 调味料","116.87","3.2","4"
"44ELNPAHH8","奇子香 特鲜1号 固体调味料","169.46","0","23.6"
"44ELNPAHH8","桥头 美味酸菜鱼调料","141.01","15.2","0.8"
"44ELNPAHH8","桥头 拿手毛血旺调料","343.45","36.9","1.5"
"44ELNPAHH8","日清 妈妈烧牛肉酱汁","125","6.69","13.69"
"44ELNPAHH8","日清 美味宝日式咖哩(蘑菇肉丁)","79.2","3.88","5.12"
"44ELNPAHH8","三岛 和风沙拉汁(芥末味)","151.46","10.2","12.1"
"44ELNPAHH8","三岛 米西玛咖喱","512.43","35.8","32.3"
"44ELNPAHH8","三岛 米西玛咖喱(辛口)","452.44","23.9","40.9"
"44ELNPAHH8","三岛 日式拌菜汁(芥末口味)","166.59","11.2","10.9"
"44ELNPAHH8","山上专科 荞麦冷面汁","43","0","8.3"
"44ELNPAHH8","寿司醋","159.4","0.1","39.5"
"44ELNPAHH8","蜀粹坊 牛油红汤火锅底料(老母鸡复合调味料)","243.79","14.5","11.6"
"44ELNPAHH8","蜀粹坊 清油红汤火锅底料(芝麻调和油)","810.23","91.4","0"
"44ELNPAHH8","蜀香 回锅肉调料","237.57","15.3","14"
"44ELNPAHH8","蜀香 麻婆豆腐调料","329.35","31.6","4"
"44ELNPAHH8","蜀香 牛肉面调料","229.45","18.1","8.3"
"44ELNPAHH8","田字德用日本酱油","54","0","5.3"
"44ELNPAHH8","同珍 干炒豉油皇","149","0","34.7"
"44ELNPAHH8","同珍 王字老抽","124","0.4","23.3"
"44ELNPAHH8","丸美屋 回锅肉炒饭料","309.73","4.16","56.64"
"44ELNPAHH8","丸美屋 青椒肉丝炒饭料","258.06","0.86","47.31"
"44ELNPAHH8","望红 麻辣蒸肉米粉","353.73","0.7","75"
"44ELNPAHH8","味岛豆腐味增汤","340","0","60"
"44ELNPAHH8","味嘟嘟 咖喱牛肉味","91.18","4.45","9.8"
"44ELNPAHH8","味精","268","0.2","26.5"
"44ELNPAHH8","希美 包子饺子粉","347.99","8","68"
"44ELNPAHH8","希美 黑胡椒碎","359.23","2","75"
"44ELNPAHH8","希美 咖喱粉","70.03","0","13"
"44ELNPAHH8","希美 孜然粉","366.87","11","63"
"44ELNPAHH8","呷哺呷哺 海鲜调料","35.37","0","5.6"
"44ELNPAHH8","呷哺呷哺 味增鲜椒调料","183.56","11.5","14"
"44ELNPAHH8","鲜厨 花椒粉","373.09","8.9","66.5"
"44ELNPAHH8","鲜厨牌 海鲜味素调味料","140.06","3.5","25.5"
"44ELNPAHH8","鲜厨牌 卤味调味料","174.95","5.3","30.6"
"44ELNPAHH8","鲜厨牌 五香粉调料","260.99","4.2","54.7"
"44ELNPAHH8","香醋","68","0.1","13"
"44ELNPAHH8","养生源 黄金面包蜜汁","316.92","0","78"
"44ELNPAHH8","樱鹤 鳗鱼汁","153.68","0","34.4"
"44ELNPAHH8","樱鹤 寿司酸酸味液体调味料","141.49","0","30.8"
"44ELNPAHH8","樱鹤 猪扒汁 甜味液体调味料","109.7","0","27"
"44ELNPAHH8","鱿鱼标香甜鱼露","51.15","0","2.94"
"44ELNPAHH8","珠江桥 港式珠江蚝油","68.53","0","14"
"44ELNPAHH8","珠江桥牌草菇老抽","119.98","0","24.3"
"44ELNPAHH8","钻石 牌轻松煮系列特浓黑椒粉","265.54","1.4","64"
"44ELNPAHH8","钻石 牌轻松煮系列意式香草粉","220","1.2","56.8"
"44ELNPAHH8","ACE 柚子醋","21.3","0","4.5"
"44ELNPAHH8","Gits ALOO MATAR 印度即食咖喱","126.67","8","10.67"
"44ELNPAHH8","Gits RAJMA MASALA 印度即食蔬菜咖喱","126.67","6","13.33"
"44ELNPAHH8","HOTEi 盐味鸡肉拌饭料","385.19","12.96","53.33"
"44ELNPAHH8","House 咖喱屋 浓厚黛米咖喱(中辛)","90","4.7","9.7"
"44ELNPAHH8","keluaran Pulau Pinang Buah Pala","331.26","0.4","86"
"44ELNPAHH8","Nappa 印尼炒饭玛莎拉","397.08","13.8","54.5"
"44ELNPAHH8","NATIONAL FISH FRIED 烤鱼咖喱粉","250","15","40"
"44ELNPAHH8","NATIONAL SEEKH KABAB 肉卷香肠咖喱粉","285.71","14.29","35.71"
"44ELNPAHH8","nichifuri ふりかけ俱乐部 11种香辛料咖喱拌饭","385.19","7.78","67.78"
"44ELNPAHH8","S+B 爱思必 金牌咖哩砖 大辣","550","35","40"
"44ELNPAHH8","S+B 爱思必 S+B 焙煎全粒粉状咖喱(中辛)","485.71","32","38.86"
"44ELNPAHH8","S+B 爱思必 S+B 浓厚奶酪烩饭素","355","9.3","56.7"
"44ELNPAHH8","TaNaKa 田中 田中 十种谷物裙带菜芝麻拌饭料","366.67","18.33","32.67"
"44ELNPAHH8","TaNaKa 田中 田中食品 蔬菜小鱼裙带菜芝麻 拌饭料","356.67","17.33","15.67"
"44ELNPAHH8","Thai dance 泰式鸡肉红咖喱","154.88","12.2","3.1"
"44ELNPAHH8","Суп 俄式罗宋汤料","306","3.6","59.3"
"44ELNPAHH8","Суп 鸡肉面条汤料","293","2.1","58.4"
"44ELNPAHH8","Суп 鸡肉通心粉汤料","295","2.1","58.9"
"44ELNPAHH8","Суп 牛肉面条汤料","293","2.1","57.8"
"ADUDM0SF95","百干道 港式鸳鸯","65.01","2","10.8"
"ADUDM0SF95","版纳雨林 芒果鸡尾果汁饮料","44.69","0","11"
"ADUDM0SF95","不二家 水蜜桃果肉饮料","45","0.1","10.6"
"ADUDM0SF95","萃米源糙米味饮料","57.6","1","12"
"ADUDM0SF95","萃雅源 葡萄汁","60.56","0","15"
"ADUDM0SF95","第5酷 椰果菠萝复合果汁饮料","9.08","0","2.1"
"ADUDM0SF95","东鹏 東鵬 特飲","49.24","0","11.7"
"ADUDM0SF95","菲律宾 芒果汁","53.63","0","12.8"
"ADUDM0SF95","芬特乐牌柠檬味冰茶","29.16","0","7.2"
"ADUDM0SF95","芬特乐牌葡萄汁","64.53","0","15.9"
"ADUDM0SF95","蜂圣 蜂蜜果醋","284.42","0","70"
"ADUDM0SF95","红景天饮料","33","0","8.2"
"ADUDM0SF95","红牛 (牛磺酸强化型)","62.8","0","14.6"
"ADUDM0SF95","红状元牌格瓦斯饮料","33.22","0","8"
"ADUDM0SF95","宏宝莱 生榨(蓝莓)","49.47","0","12.2"
"ADUDM0SF95","鸿福堂 桂圆红枣蓝莓汁","34.89","0","8.5"
"ADUDM0SF95","加多宝 加多寳凉茶(铝罐)","36.33","0","9.1"
"ADUDM0SF95","佳得乐 蓝莓味运动饮料","23.66","0","6"
"ADUDM0SF95","嘉康利能量茶","295.29","0","0"
"ADUDM0SF95","金车 噶玛兰黑麦汁","42.07","0","10.2"
"ADUDM0SF95","金车 噶玛兰黑麦汁(天然柠檬风味)","42.07","0","10.2"
"ADUDM0SF95","聚鸟树 芦荟饮料(荔枝口味)","49","0","12.2"
"ADUDM0SF95","卡米萨 凤梨混合果汁","39.67","0","9"
"ADUDM0SF95","康比特 加速运动饮料","25.1","0","6.2"
"ADUDM0SF95","康师傅 绿茶(低糖)","17.93","0","4.5"
"ADUDM0SF95","康师傅绿茶(冰糖菊花味)","22.23","0","5.5"
"ADUDM0SF95","可口可乐 原叶翠缕绿茶低糖","10.04","0","2.2"
"ADUDM0SF95","克莉丝汀 克里斯汀胚芽乳巧克力口味","63.58","2.2","6.4"
"ADUDM0SF95","肯德基 九珍果汁饮料","64.1","0.1","15.4"
"ADUDM0SF95","寇老西 纯酿苹果醋","39.44","0","9.7"
"ADUDM0SF95","兰翠思 原野蓝梦 蓝莓汁","14.34","0","4"
"ADUDM0SF95","蓝百蓓 野生蓝莓果汁饮料","60.23","0","14.8"
"ADUDM0SF95","乐松 樱桃茶","23.18","0","5.6"
"ADUDM0SF95","鹭芳 小菊菊花植物饮料","6.77","0","1.69"
"ADUDM0SF95","每日咖啡师 咖啡(浓缩摩卡)","59.99","2.2","8.4"
"ADUDM0SF95","美年达冰镇西瓜味","52.34","0","12.9"
"ADUDM0SF95","美姿美 小麦草芦荟汁饮料","29.64","0","7.3"
"ADUDM0SF95","米奇名典苹果醋饮品","10.28","0","2.5"
"ADUDM0SF95","农协 蜜桔果汁饮料(含果肉)","56.64","1.5","10.7"
"ADUDM0SF95","帕玛拉特 圣涛杏汁","59.51","0","14.1"
"ADUDM0SF95","琪雷萨 100%热带杂果汁","42.78","0","9.8"
"ADUDM0SF95","琪雷萨 菠萝汁","48.28","0","11"
"ADUDM0SF95","琪雷萨 苹果汁","62.38","0","14.8"
"ADUDM0SF95","琪雷萨 柚子汁","35.85","0","8"
"ADUDM0SF95","麒麟 氷結柠檬汁果味酒","49","0","3.6"
"ADUDM0SF95","清净园浓缩蓝莓红醋饮料","152.25","0","40.1"
"ADUDM0SF95","雀巢 冰极冰爽茶","34.42","0","8"
"ADUDM0SF95","三得利 利趣鸳鸯","33.46","0.7","5.8"
"ADUDM0SF95","三得利 柠檬饮料","40","0","10.1"
"ADUDM0SF95","三得利 乌龙茶茉莉花味(低糖)","15.54","0","3.8"
"ADUDM0SF95","三佳利 蕃茄汁(食盐无添加)","18.95","0","3.58"
"ADUDM0SF95","三佳利 橙汁饮料","46","0","11"
"ADUDM0SF95","三佳利 热带水果汁饮料","46","0","11.5"
"ADUDM0SF95","膳府百年时光黑醋饮料(覆盆子)","202.68","0","52"
"ADUDM0SF95","十全苹果醋","29.2","0","7"
"ADUDM0SF95","十全葡萄醋","29","0.1","6.9"
"ADUDM0SF95","石埠 晨鲜蜂蜜菊花茶","9.56","0","2.4"
"ADUDM0SF95","台湾美姿美芦荟露12种蔬果芦荟粒","23.9","0","5.8"
"ADUDM0SF95","特种兵 果肉型生榨椰子汁","44.93","1.6","7"
"ADUDM0SF95","天喔茶庄 菊花普洱","6.93","0","1.7"
"ADUDM0SF95","统一 绿茶(白桃味)","19.6","0","4.8"
"ADUDM0SF95","统一 绿茶(低糖茉莉花味)","16.01","0","4"
"ADUDM0SF95","统一弗蕾奶茶-经典麦香","33.22","0.4","6.8"
"ADUDM0SF95","统一植觉 蜂蜜菊花","28.92","0","7.1"
"ADUDM0SF95","娃哈哈 呦呦奶咖","49.24","1.2","8"
"ADUDM0SF95","王老吉 凉茶(瓶)","33.7","0","8.3"
"ADUDM0SF95","维果清 醇厚黄","29.68","0","7.39"
"ADUDM0SF95","维果清 芳香红","38.06","0","8.48"
"ADUDM0SF95","维果清 经典白","94.19","7.35","5.42"
"ADUDM0SF95","乡田真糙米浆","59.6","1.2","11.1"
"ADUDM0SF95","鑫浩 蓝灵圣果有机蓝莓汁","30.11","0","7.4"
"ADUDM0SF95","信远斋 桂花酸梅汤饮品","30.83","0","7.1"
"ADUDM0SF95","星巴克 经典冰咖啡饮料","33.85","0.15","7.08"
"ADUDM0SF95","星巴克 玛琪雅多(豆奶单杯)","35.27","0","3.53"
"ADUDM0SF95","星巴克 美式咖啡","3.31","0","0.66"
"ADUDM0SF95","星巴克 热豆奶香草拿铁","50.73","0.99","8.74"
"ADUDM0SF95","星巴克 西柚汁","42.3","0","9.7"
"ADUDM0SF95","星男 香蕉果汁饮料","60.95","0","15"
"ADUDM0SF95","雪菲力 酸梅饮料","23.18","0","5.3"
"ADUDM0SF95","熏蒸拿铁 每日牌咖啡师咖啡()","166","7.14","21.14"
"ADUDM0SF95","亚利桑那 柠檬味红茶","35.61","1","9"
"ADUDM0SF95","杨协成 马蹄爽","37.76","0","9.3"
"ADUDM0SF95","伊犁蜂业格瓦奇","117.59","0","28.9"
"ADUDM0SF95","宜家 接骨木汁浓缩饮料","239.72","0","59"
"ADUDM0SF95","怡宝 魔力维生素强化饮料","23.66","0","5.5"
"ADUDM0SF95","优鲜沛 蔓越莓葡萄汁","43.2","0","10.8"
"ADUDM0SF95","优珍 芒果桃","12.43","0","3.2"
"ADUDM0SF95","优珍 柠檬","11.47","0","2.4"
"ADUDM0SF95","油茶","96","0.9","20"
"ADUDM0SF95","Bottle Green  Elderflower Pomegranate","30","0","7"
"ADUDM0SF95","CaffeBene 柳橙汁Orange Juice","34.44","0","6.94"
"ADUDM0SF95","dan 橙子果汁饮料","42.07","0","10.1"
"ADUDM0SF95","DAS PLUS 能源动力 草莓水果茶","2","0.1","0.2"
"ADUDM0SF95","DyDo 达亦多 奶茶饮料","29.16","0","6.5"
"ADUDM0SF95","DyDo 达亦多 原味意式牛奶咖啡饮料","35.85","0.7","6.6"
"ADUDM0SF95","Nudie 椰汁","21.51","0.3","5"
"ADUDM0SF95","Sangaria 三加利 Sangaria Postonic Water","12","0","2.9"
"ADUDM0SF95","Snapple斯纳普 柠檬果味饮料","40.17","0","9.94"
"ADUDM0SF95","TEEKANNE 身心放松花草茶","36","5","5"
"ADUDM0SF95","UFC 100%纯椰子水","24.09","0","6.4"
"AZ07CSC20I","7-ELEVEN 7-11茶碗蒸","40.4","2","2"
"AZ07CSC20I","安翌购 台湾铁蛋系列 香辣鸡蛋","236","12.3","5.9"
"AZ07CSC20I","安翌购 台湾铁蛋系列 原味鸡蛋","231","12.7","4.4"
"AZ07CSC20I","鹌鹑蛋","160","11.1","2.1"
"AZ07CSC20I","鹌鹑蛋(五香罐头)","152","11.7","0"
"AZ07CSC20I","藏鸡蛋","162","11.3","2.4"
"AZ07CSC20I","诚兴食品鸡蛋干(酱香味)","121.89","4.5","4"
"AZ07CSC20I","得意中华 顽皮铁蛋(原味)","229","13","9.1"
"AZ07CSC20I","调皮香吧佬 鹌鹑蛋","175.43","12.5","1.5"
"AZ07CSC20I","鹅蛋","196","15.6","2.8"
"AZ07CSC20I","鹅蛋(煮)","177","13.6","1"
"AZ07CSC20I","鹅蛋白","48","0","3.2"
"AZ07CSC20I","鹅蛋黄","324","26.4","6.2"
"AZ07CSC20I","福记 日式滷蛋","185.71","10.86","6.29"
"AZ07CSC20I","高技 日本豆腐","32.98","0.2","4.2"
"AZ07CSC20I","鸽子蛋","96.2","5.74","2.5"
"AZ07CSC20I","光阳 红囍蛋(卤蛋)","138.86","8.3","1.8"
"AZ07CSC20I","光阳 松花皮蛋","152.49","10.3","2.2"
"AZ07CSC20I","光阳 咸蛋黄","540.39","45.4","10.8"
"AZ07CSC20I","海冠牌熟咸蛋","147.27","9.09","3.64"
"AZ07CSC20I","海鸭蛋","243","13.8","16.9"
"AZ07CSC20I","荷包蛋(油煎)","195","15","1.4"
"AZ07CSC20I","荷都 出口级松花蛋","170.17","10.5","2.9"
"AZ07CSC20I","荷都 开门红皮蛋王","170.17","10.5","2.9"
"AZ07CSC20I","荷都 咸蛋王","174","12.1","4.3"
"AZ07CSC20I","红太阳 双黄咸鸭蛋","188.81","12.7","6.3"
"AZ07CSC20I","洪门鸡蛋干(酱香味)","133.84","6.8","5.6"
"AZ07CSC20I","鸿羽食品红太阳正宗咸蛋黄","522.23","45.3","5.3"
"AZ07CSC20I","胡婆婆 鸡蛋干(鸡汁味)","117.3","1.5","10.5"
"AZ07CSC20I","鸡蛋","139","8.6","2.4"
"AZ07CSC20I","鸡蛋(白皮)","138","9","1.5"
"AZ07CSC20I","鸡蛋(红皮)","156","11.1","1.3"
"AZ07CSC20I","鸡蛋(土鸡)","138","6.4","5.6"
"AZ07CSC20I","鸡蛋粉","545","36.2","11.3"
"AZ07CSC20I","鸡蛋黄","328","28.2","3.4"
"AZ07CSC20I","吉野家合茶碗蒸","44.46","2.5","1.9"
"AZ07CSC20I","来伊份 鹌鹑蛋","219.07","18.2","0"
"AZ07CSC20I","老伙计 五香蛋","163","9","4.5"
"AZ07CSC20I","佬味真 野山椒土鸡蛋","198.37","10.2","12.6"
"AZ07CSC20I","乐购 MARKET15CAGED鸡蛋","151","11.2","0"
"AZ07CSC20I","联华创造生活山椒泡鸡蛋","172.08","13.8","1.8"
"AZ07CSC20I","联华鸡汁鸡蛋干","121.8","4.5","4"
"AZ07CSC20I","龙牌平湖糟蛋","188.34","12.8","8.7"
"AZ07CSC20I","绿佳园 中华美味鸡蛋干(酱香味) 绿佳园系列食品","108.03","1.2","10.3"
"AZ07CSC20I","玛鲁哈 MARUHA中华鸡蛋丼","61.67","2.5","6.44"
"AZ07CSC20I","毛蛋","176","13.2","0"
"AZ07CSC20I","梅香皮蛋","141.6","7.9","4.9"
"AZ07CSC20I","南北特 千禧蛋","187","9.2","4.5"
"AZ07CSC20I","鸟王 茶香蛋","170.09","10.3","1.5"
"AZ07CSC20I","鸟王咸鸭蛋","174","12.1","4.3"
"AZ07CSC20I","欧源 鸡蛋豆腐","39.44","1.1","2.3"
"AZ07CSC20I","青松 鸳鸯组合蛋","211.28","16.3","4"
"AZ07CSC20I","全家 鲜贝炖蛋130G","35.6","2.1","0.5"
"AZ07CSC20I","全家 蟹肉味炖蛋","35.79","2.1","0.59"
"AZ07CSC20I","润成 鸡蛋干","138.56","7","6.7"
"AZ07CSC20I","润成 泡香蛋","134.8","10.5","9.4"
"AZ07CSC20I","三珍斋多油咸鸭蛋","176.86","12.7","6"
"AZ07CSC20I","神丹  神丹鹌鹑咸蛋","158.7","10.6","2.3"
"AZ07CSC20I","神丹  神丹茶香蛋","161.33","10.3","1.5"
"AZ07CSC20I","神丹  神丹健康蛋咸鸭蛋黄","526.53","48.2","1.5"
"AZ07CSC20I","神丹 鹌鹑茶蛋","175.43","12.5","1.5"
"AZ07CSC20I","神丹 好土鸡蛋","158.8","10.8","1.6"
"AZ07CSC20I","神丹 鸡蛋干(酱香味)","173.28","13.2","1.5"
"AZ07CSC20I","神丹 咸鸭蛋","174","11.4","7.8"
"AZ07CSC20I","沈师傅 鸡蛋干","154.47","10","3"
"AZ07CSC20I","食同源 乌鸡蛋","102.77","6.4","1.6"
"AZ07CSC20I","舒泰 鸡蛋豆腐","26.53","1.7","0"
"AZ07CSC20I","双汇 香卤蛋","180","10","5"
"AZ07CSC20I","苏趣 川味鸡蛋干","110.9","6.2","2"
"AZ07CSC20I","苏趣 宫廷秘制鹅肝","661.33","61","12.2"
"AZ07CSC20I","田歌 初生咸鸭蛋","186.42","12","5.4"
"AZ07CSC20I","田歌 双黄咸鸭蛋","186.42","12","5.4"
"AZ07CSC20I","统一 日本嫩滑豆腐","51.2","2.24","2.08"
"AZ07CSC20I","乌鸡蛋(绿皮)","170","10.6","6.1"
"AZ07CSC20I","无油煎蛋","164","11.7","0.2"
"AZ07CSC20I","五芳斋 咸鸭蛋 六只装","167.07","11.2","3"
"AZ07CSC20I","喜伴一生 卤鸡蛋","157.27","9","3.7"
"AZ07CSC20I","仙丹鹌鹑皮蛋","134","3","13.5"
"AZ07CSC20I","鲜八里 鹌鹑蛋","239.01","16.4","1.6"
"AZ07CSC20I","鲜八里 香卤鸡蛋","239.01","16.4","0.2"
"AZ07CSC20I","咸鸭蛋","190","12.7","6.3"
"AZ07CSC20I","咸鸭蛋(煮)","177","13.5","0"
"AZ07CSC20I","乡吧佬五香卤蛋","152.25","10.6","0"
"AZ07CSC20I","湘楚人家 优质农家鸡蛋","136.95","7.4","3.4"
"AZ07CSC20I","湘华果园 山地放养土鸡蛋","124.28","7.4","1.2"
"AZ07CSC20I","小康情鸡蛋干","178.06","15.8","0"
"AZ07CSC20I","轩辉 日本豆腐","27.49","0","2.9"
"AZ07CSC20I","鸭蛋","180","13","3.1"
"AZ07CSC20I","鸭蛋白","47","0","1.8"
"AZ07CSC20I","鸭蛋黄","378","33.8","4"
"AZ07CSC20I","野水 咸鸭蛋","174.47","12.3","4.3"
"AZ07CSC20I","伊势鸡蛋(富含维DHA)","135.04","9","1.1"
"AZ07CSC20I","伊势鸡蛋(万湖绿，富含维E)","135.04","9","1.1"
"AZ07CSC20I","雨润铁卤蛋","190.01","12.8","4.5"
"AZ07CSC20I","钰珍香 鸡蛋干","152.01","8.6","5.8"
"AZ07CSC20I","原点鸡蛋干(酱香味)","127.15","8","1.9"
"AZ07CSC20I","智慧鸟 松花皮蛋","155.59","11.4","3.9"
"AZ07CSC20I","竹黄金竹汁鸡蛋干(卤香味)","168.02","11.4","3.8"
"AZ07CSC20I","Better Living鹌鹑蛋","199.81","13.5","2.6"
"AZ07CSC20I","Nichirei日冷 Nichirei/日冷 奶酪培根蛋饼","121.43","6.79","8.21"
"D0BXJ44193","伯朗咖啡 伯朗 咖啡(香草风味)","45.17","0.7","8.1"
"D0BXJ44193","可可粉","349","8.4","54.5"
"D0BXJ44193","乐天 黑咖啡韩国版","2.28","0","0.57"
"D0BXJ44193","麒麟FIRE奶浓醇厚型直火烘焙咖啡","39.44","0.73","7.1"
"D0BXJ44193","三佳利 黑咖啡饮料","1","0","0.3"
"D0BXJ44193","三佳利 拿铁咖啡饮料","19","0.6","2.6"
"D0BXJ44193","森永 MT.RAINIER拿铁咖啡CAFFELATTE","69.17","2.92","8.25"
"D0BXJ44193","特慧优 特选黑咖啡","2.86","0","0.39"
"D0BXJ44193","鲜一杯 拿铁-老旧金山无糖拿铁","465","20","64"
"D0BXJ44193","星巴克 草莓星冰乐(加奶油)","62.5","2.36","9.72"
"D0BXJ44193","星巴克 草莓星冰乐(无奶油)","55.11","0.44","12.13"
"D0BXJ44193","星巴克 美式咖啡(TALL)","2.82","0","0.56"
"D0BXJ44193","星巴克 摩卡(脱脂牛奶、不加奶油)","46.61","0.42","8.9"
"D0BXJ44193","星巴克 摩卡咖啡(大杯)","72.75","3.31","9.48"
"D0BXJ44193","悠诗诗 BLACK无糖黑咖啡","0","0","0"
"D0BXJ44193","ASEED 低糖咖啡","18.16","0","2.7"
"D0BXJ44193","COFFEE卡萨 蓝山风味滤泡式咖啡","4","0.1","0.4"
"D0BXJ44193","Sangaria 三加利 Sangaria三加利炭烧黑咖啡(无糖)","0","0","0.2"
"D0BXJ44193","santafe 查尔岛原味咖啡饮料(金色)","55","1","1"
"DBYCATD8RM","阿斯达 GALAAPPLES","53","0.1","11.8"
"DBYCATD8RM","爱田舍菠萝甜瓜盘","36.09","0.1","8.5"
"DBYCATD8RM","巴梨","51","0.2","12.9"
"DBYCATD8RM","芭蕉","115","0.1","28.9"
"DBYCATD8RM","霸道熊 糖水杂果罐头","55.21","0.1","13.2"
"DBYCATD8RM","白粉桃","26","0.1","5.5"
"DBYCATD8RM","白兰瓜","23","0.1","5.3"
"DBYCATD8RM","百利 有枝红车厘子(装饰性果蔬)","144.75","0","30.3"
"DBYCATD8RM","棒师傅 糖水蜜桔罐头","60.71","0","14.4"
"DBYCATD8RM","棒师傅 有枝黑樱桃","149.86","0","36.4"
"DBYCATD8RM","贝唯他 树莓苹果泥","65.25","0.1","14.7"
"DBYCATD8RM","橙子","48","0.2","11.1"
"DBYCATD8RM","德财 情人果","37.28","0","9.2"
"DBYCATD8RM","地扪 淡味什锦水果罐头","48.39","0","12.1"
"DBYCATD8RM","冬果梨","46","0.2","12.8"
"DBYCATD8RM","斐济果 Feijoa","49","1","11"
"DBYCATD8RM","伏苹果","48","0.1","11.8"
"DBYCATD8RM","覆盆子","52","0.65","11.94"
"DBYCATD8RM","国光苹果","56","0.3","13.3"
"DBYCATD8RM","海棠果","76","0.2","19.2"
"DBYCATD8RM","旱苹果","34","0.2","8.4"
"DBYCATD8RM","红粉皮石榴","74","0.1","19.4"
"DBYCATD8RM","红香蕉苹果","51","0.2","12.3"
"DBYCATD8RM","红肖梨","36","0","10.5"
"DBYCATD8RM","红星苹果","58","0.1","14.3"
"DBYCATD8RM","黄皮果","39","0.2","9.9"
"DBYCATD8RM","黄桃","56","0.1","14"
"DBYCATD8RM","黄香蕉苹果","53","0.2","13.7"
"DBYCATD8RM","黄元帅苹果","59","0.3","14.7"
"DBYCATD8RM","姬娜果","35","0.07","8.5"
"DBYCATD8RM","积奇 热带杂果罐头","88.43","0.1","19.7"
"DBYCATD8RM","嘉宝 美味苹果块","54.69","0","12.5"
"DBYCATD8RM","桔子","51","0.2","11.9"
"DBYCATD8RM","金桔","58","0.2","13.7"
"DBYCATD8RM","金塔寺瓜","10","0.1","2"
"DBYCATD8RM","精美甘蔗肉","79.83","0","18"
"DBYCATD8RM","久保桃","42","0.1","10"
"DBYCATD8RM","酒枣","148","0.2","35.7"
"DBYCATD8RM","橘子","44","0.1","10.2"
"DBYCATD8RM","蓝莓","57","0.33","14.49"
"DBYCATD8RM","乐购 蓝莓","32","0.2","6.9"
"DBYCATD8RM","乐购 SEEDLESSRED葡萄","64","0.1","15.4"
"DBYCATD8RM","利高 半颗黄桃罐头","78.42","0","17.19"
"DBYCATD8RM","荔枝","71","0.2","16.6"
"DBYCATD8RM","栗源 多果多滋 糖水黄桃罐头果杯","66.68","0","15.4"
"DBYCATD8RM","林家铺子 长寿黄桃罐头","64.53","0","14.8"
"DBYCATD8RM","林家铺子 招财蜜桔罐头","61.9","0","14.5"
"DBYCATD8RM","罗望子","239","0.6","62.5"
"DBYCATD8RM","蔓越莓","46","0.13","11.97"
"DBYCATD8RM","梅林 糖水黄桃罐头 老包装","99.67","0","24.5"
"DBYCATD8RM","面蛋","91","0.5","21.7"
"DBYCATD8RM","木梨","32","0.1","8.2"
"DBYCATD8RM","柠檬","37","1.2","6.2"
"DBYCATD8RM","苹果","53","0.2","13.7"
"DBYCATD8RM","苹果梨","53","0.1","13.9"
"DBYCATD8RM","葡萄","45","0.3","10.3"
"DBYCATD8RM","青皮石榴","71","0.2","18.5"
"DBYCATD8RM","青苹果","49","0","10.6"
"DBYCATD8RM","庆丰桃","42","0.1","10.1"
"DBYCATD8RM","秋里蒙苹果","43","0.2","11.9"
"DBYCATD8RM","人参果","86","0.7","21.2"
"DBYCATD8RM","桑葚(白)","60","0.3","14.9"
"DBYCATD8RM","沙棘","120","1.8","25.5"
"DBYCATD8RM","蛇果(去皮)","59","0.2","14.9"
"DBYCATD8RM","水蜜桃","46","0.1","11"
"DBYCATD8RM","苏木梨","52","0.3","13.1"
"DBYCATD8RM","酥梨","45","0.1","11.4"
"DBYCATD8RM","酸刺","112","0.3","25.5"
"DBYCATD8RM","酸枣","300","1.5","73.3"
"DBYCATD8RM","台凤 台鳳四分片鳳梨","81","0","19.8"
"DBYCATD8RM","泰琪奥金枕头榴莲","420","8","84"
"DBYCATD8RM","唐十三朝 霜降柿饼","319.79","2.2","71.2"
"DBYCATD8RM","晚桃(黄)","41","0.2","9.6"
"DBYCATD8RM","倭锦苹果","54","0.2","13.5"
"DBYCATD8RM","无花果","65","0.1","16"
"DBYCATD8RM","西瓜(京欣一号)","34","0","8.1"
"DBYCATD8RM","西柚","33","0.3","7.8"
"DBYCATD8RM","香槟芒果","80","0","19"
"DBYCATD8RM","香蕉","93","0.2","22"
"DBYCATD8RM","香蕉(红皮、泰国)","81","0.2","19.7"
"DBYCATD8RM","香梨","51","0.1","13.6"
"DBYCATD8RM","小西瓜","30","0.1","6.7"
"DBYCATD8RM","小叶桔","40","0.2","8.8"
"DBYCATD8RM","雪花梨","42","0.1","10.6"
"DBYCATD8RM","阳光之选 阳关之选菠萝碎","49.95","0","13"
"DBYCATD8RM","杨梅","30","0.2","6.7"
"DBYCATD8RM","椰子","241","12.1","31.3"
"DBYCATD8RM","印度苹果","54","0.2","14.8"
"DBYCATD8RM","英佰瑞 SAINSBURY无子红提","60","0.1","15.4"
"DBYCATD8RM","樱桃","46","0.2","10.2"
"DBYCATD8RM","柚子","42","0.2","9.5"
"DBYCATD8RM","余柑子","45","0.1","12.4"
"DBYCATD8RM","长把梨","62","0.8","14.9"
"DBYCATD8RM","众想 佐餐白桃","47.8","0.1","12.2"
"DBYCATD8RM","Hosen 好顺 橘子水果罐头","71.46","0","16.4"
"DBYCATD8RM","Hosen 好顺 荔枝水果罐头","107.55","0.2","25"
"DBYCATD8RM","Hosen 好顺 亚答籽水果罐头","96.32","0","24"
"DBYCATD8RM","Nature Goodness 猫山王榴莲王","152.96","1.4","27.9"
"DBYCATD8RM","Nature Goodness D24榴莲王","152.96","1.4","27.9"
"DBYCATD8RM","oregon俄勒冈糖水蓝莓罐头","78.53","0","17.86"
"F5BPE9QVQ3","艾美 火锅用美味奶酪","241.4","17","2.5"
"F5BPE9QVQ3","爱氏晨曦 安拉CASTELLO丹麦必奶酪","288","24","0"
"F5BPE9QVQ3","爱氏晨曦 利乐包发达奶酪","222.28","17","4"
"F5BPE9QVQ3","爱氏晨曦 MISSDELISSY加工奶酪(原味)","320.27","28","6"
"F5BPE9QVQ3","安佳 再制切达干酪(乳酪)","359","30.3","2.2"
"F5BPE9QVQ3","安拉 哈瓦提奶酪","421.37","38","1"
"F5BPE9QVQ3","安拉 刨丝马苏里拉奶酪","302.1","22","2.3"
"F5BPE9QVQ3","百吉福 减脂芝士片","234.23","12","15"
"F5BPE9QVQ3","百吉福 芝士片","282.38","24","1.8"
"F5BPE9QVQ3","博格瑞 牌布里丝布兰奶酪","338.43","30","1"
"F5BPE9QVQ3","厨之选 乡村奶酪","96.56","3.4","3"
"F5BPE9QVQ3","纯美 奶油奶酪","358.27","34","3.6"
"F5BPE9QVQ3","多多尼 发达芝士(原产地保护)","257","21","0"
"F5BPE9QVQ3","多美鲜 黄杏杏仁奶酪","356.12","24.5","28.1"
"F5BPE9QVQ3","多美鲜 金文必奶酪","300.43","25","0"
"F5BPE9QVQ3","多美鲜 奶油奶酪(洋葱+细香葱)","316.68","30.2","6"
"F5BPE9QVQ3","多美鲜 甜椒奶酪","317.88","28.8","8.7"
"F5BPE9QVQ3","法国百吉福 汉堡干酪片","354.21","28.1","5.1"
"F5BPE9QVQ3","法国百吉福天天奶酪(原味)","210","19","2.4"
"F5BPE9QVQ3","福樂自然零鮮乳優酪","76","1.4","12.2"
"F5BPE9QVQ3","光明 小小光明奶酪(草莓味)","104.92","3.5","13"
"F5BPE9QVQ3","光明减脂再制干酪","255","12.9","12"
"F5BPE9QVQ3","荷兰风车 伊顿切片奶酪","320.51","24","0"
"F5BPE9QVQ3","花の恋 芝士碎","359","13.4","32.1"
"F5BPE9QVQ3","皇冠 淡味迷你伊顿奶酪球","319.07","23.9","0"
"F5BPE9QVQ3","皇家 伊莱ERU布里涂抹奶酪","263.38","22","0"
"F5BPE9QVQ3","皇家格兰特 油泡黑绿橄榄发达奶酪","297.56","24","1"
"F5BPE9QVQ3","吉康 美滋来乐奶酪","217.97","14.9","1.1"
"F5BPE9QVQ3","金爵鲜酪乳(益生菌发酵乳)","91.78","3.2","12.3"
"F5BPE9QVQ3","金凯利 爱尔兰风味陈年切达干酪","393.16","32","0"
"F5BPE9QVQ3","金凯利 爱尔兰风味淡切达干酪","388.62","32","0"
"F5BPE9QVQ3","金凯利 布拉尼城堡干酪","384.56","32","0"
"F5BPE9QVQ3","金凯利 都柏林人爱尔兰风味干酪","393.16","32","0"
"F5BPE9QVQ3","金凯利 瑞士大孔奶酪","392.64","28.57","0"
"F5BPE9QVQ3","金章 减脂再制干酪片","221.32","17","4.6"
"F5BPE9QVQ3","卡夫 费城清淡奶酪","174.71","13.9","4.1"
"F5BPE9QVQ3","卡夫 SINGLESSLICEDCHEESE","285.71","19.05","9.52"
"F5BPE9QVQ3","兰诺斯 FETTACHEESEREDUCEDFAT","296.85","20","5.6"
"F5BPE9QVQ3","乐芝牛 8粒装奶酪","268.05","22.5","6.5"
"F5BPE9QVQ3","乐芝牛 奶酪(番茄+火腿+青椒+洋葱)","271","23","11"
"F5BPE9QVQ3","乐芝牛 奶酪(培根+洋葱+干酪+蜜汁羊奶酪)","271","23","11"
"F5BPE9QVQ3","乐芝牛 小贝勒奶酪(原味)","305.93","24","1"
"F5BPE9QVQ3","乐芝牛 芝士小食","242","19.5","4.8"
"F5BPE9QVQ3","美兰 切达奶酪","318.59","23","0"
"F5BPE9QVQ3","蒙牛 未来星儿童成长奶酪(金装棒)","229.68","15","16.8"
"F5BPE9QVQ3","蒙牛 未来星儿童成长奶酪(原味)","226.58","15.2","12.8"
"F5BPE9QVQ3","蒙牛未来星儿童成长奶酪(草莓味)","226.58","15.2","12.8"
"F5BPE9QVQ3","妙可蓝多 精制马苏里拉奶酪","327.68","23.4","6.7"
"F5BPE9QVQ3","南方 水产 鱼味白奶酪","224.9","6.7","30.8"
"F5BPE9QVQ3","琪雷萨 马斯卡布尼奶酪 马斯卡彭芝士 mascarpone cheese","354.92","35.5","3"
"F5BPE9QVQ3","乔瓦尼 科伦坡水牛马苏里奶酪","275.33","23","0"
"F5BPE9QVQ3","全脂软酪","313","31","0"
"F5BPE9QVQ3","乳清奶酪","251","19.6","7.3"
"F5BPE9QVQ3","三元 宫廷御膳酸奶酪","84.37","3.2","11"
"F5BPE9QVQ3","十胜  芝士鳕鱼奶酪条","320","20.6","14.5"
"F5BPE9QVQ3","威士兰 埃蒙塔奶酪","365.92","28.5","0"
"F5BPE9QVQ3","威士兰 烟熏山羊奶酪","331.5","25","2.1"
"F5BPE9QVQ3","小奶花 纯手工奶酪","396.03","6.5","78.1"
"F5BPE9QVQ3","雪印 北海道奶酪 咖喱味","305","22.5","4"
"F5BPE9QVQ3","雪印 北海道奶酪 扇贝味","305","22.5","4"
"F5BPE9QVQ3","雪印 北海道奶酪 玉米味","305","22.5","3.5"
"F5BPE9QVQ3","伊利 妙芝新鲜奶酪","118.07","6","10"
"F5BPE9QVQ3","中脂软酪","180","14.5","3.1"
"F5BPE9QVQ3","总统 牌金文奶油奶酪(再制干酪)","277.96","25","2"
"F5BPE9QVQ3","Amul 芝士","320","26","1.5"
"F5BPE9QVQ3","Belcubeベルキューブ チーズキューブ ビールセレクト","283","23.6","5.4"
"F5BPE9QVQ3","CHESDALE烟熏起司片","298.76","24.8","2.7"
"F5BPE9QVQ3","Clawson Blue Stilton 蓝色斯蒂尔顿奶酪","431.88","35.7","0"
"F5BPE9QVQ3","Crystal Farms水晶农场桶装洋葱奶油奶酪","290.63","26.7","6.7"
"F5BPE9QVQ3","Dutch Farms 荷氏农场 Dutch Farm/荷氏农场 奶油奶酪(原味)","356.79","32.14","7.14"
"F5BPE9QVQ3","Dutch Farms 荷氏农场 Dutch Farm荷氏农场马苏里拉奶酪","285.71","21.43","3.57"
"F5BPE9QVQ3","Dutch Farms 荷氏农场 Dutch Farms/荷氏农场 马堡杰克碎奶酪","392.64","32.14","3.57"
"F5BPE9QVQ3","Dutch Farms 荷氏农场 Dutch Farms/荷氏农场 马苏里拉碎奶酪","321.82","21.43","3.57"
"F5BPE9QVQ3","Dutch Farms 荷氏农场 Dutch Farms/荷氏农场 中味切达奶酪","109.94","9","1"
"F5BPE9QVQ3","Eden 泰国原味芝士块","300","24","11"
"F5BPE9QVQ3","entremont 爱特蒙 切片AOC格鲁耶尔奶酪","400","32","0"
"F5BPE9QVQ3","ERU 皇家伊莱 高达涂抹奶酪","242.59","21","0"
"F5BPE9QVQ3","ERU 皇家伊莱 胡椒涂抹奶酪","250.72","21","2"
"F5BPE9QVQ3","ERU 皇家伊莱 山羊涂抹奶酪","271.99","23","3"
"F5BPE9QVQ3","ERU 皇家伊莱 原味车达奶酪片","292.78","23","4"
"F5BPE9QVQ3","Fitakl Original creamy taste Cheese","217.02","17","8"
"F5BPE9QVQ3","Fjallbrynt 非凡奶酪(浓味)","143.4","8","0"
"F5BPE9QVQ3","Fjallbrynt 非凡奶酪(烟熏北极虾)","215.11","17","1.5"
"F5BPE9QVQ3","Frico福瑞客 马斯丹奶酪","347.04","26.9","0"
"F5BPE9QVQ3","Frico福瑞客荷兰伊顿奶酪(香草)","322.42","24.1","0"
"F5BPE9QVQ3","Friendship 丹麦蓝波芝士","366.67","30","0"
"F5BPE9QVQ3","Galbani 格尔巴尼 马斯卡蓬奶酪","437.38","43.3","6.7"
"F5BPE9QVQ3","Hochland 块状奶酪(火腿+牛肉+培根)","308","28","5"
"F5BPE9QVQ3","Lemnos 兰诺斯 澳洲菲塔干酪","317.16","26.3","2.9"
"F5BPE9QVQ3","Lemnos 兰诺斯 澳洲菲塔山羊干酪","258.84","21","2"
"F5BPE9QVQ3","Mellin美林 Mellin 美林 莫扎里拉芝士软奶酪泥","93","4","7.6"
"F5BPE9QVQ3","OHGIYA 扇屋 北海道卡门贝尔芝士鳕鱼条","337.24","22.6","10.8"
"F5BPE9QVQ3","OHGIYA 扇屋 洋葱芝士片","399.38","30.5","11.5"
"F5BPE9QVQ3","parmaggini 派利大叔 派利大叔 三角干酪","209.85","15","5"
"F5BPE9QVQ3","Perstige 威望 Perstige/威望 卡蒙贝尔八角奶酪","305","25","0"
"F5BPE9QVQ3","Pettinicchio佩特尼奇 Pettinicchio 佩特尼奇 烟熏奶酪","302.58","22.5","1"
"F5BPE9QVQ3","Plasmon 经典原味软奶酪泥","136","7.6","4.9"
"F5BPE9QVQ3","Queso Del Valle Cotija( Part Skim Milk Cheese)","285.71","25","0"
"F5BPE9QVQ3","SWISS MOOH 瑞慕 埃曼塔奶酪(霉菌成熟干酪)","421.61","33.8","0"
"F5BPE9QVQ3","Tararua 淡奶油奶酪","224.67","16","12.4"
"GRH51YS6SJ","奥斯忒 蒲菜","11.95","0.1","1.5"
"GRH51YS6SJ","白萝卜","16","0.1","4"
"GRH51YS6SJ","白笋(干)","282","4","57.1"
"GRH51YS6SJ","抱子甘蓝","36","0.2","8.8"
"GRH51YS6SJ","荸荠","61","0.2","14.2"
"GRH51YS6SJ","扁蓄菜","75","0.6","12.4"
"GRH51YS6SJ","菠菜","28","0.3","4.5"
"GRH51YS6SJ","菜瓜","19","0.2","3.9"
"GRH51YS6SJ","蚕豆(鲜)","111","0.4","19.5"
"GRH51YS6SJ","朝鲜蓟","54","0.2","10.9"
"GRH51YS6SJ","莼菜","21","0.1","3.8"
"GRH51YS6SJ","大白菜","20","0.2","3.4"
"GRH51YS6SJ","大白菜(白梗)","22","0.2","3.7"
"GRH51YS6SJ","大白菜(小白口)","16","0.1","2.8"
"GRH51YS6SJ","大巢菜","63","0.5","13.6"
"GRH51YS6SJ","大葱","28","0.3","5.8"
"GRH51YS6SJ","地肤","65","0.8","10.4"
"GRH51YS6SJ","冬瓜","10","0.2","2.4"
"GRH51YS6SJ","冬笋","42","0.1","6.5"
"GRH51YS6SJ","豆瓣菜","20","0.5","1.5"
"GRH51YS6SJ","番茄","15","0.2","3.3"
"GRH51YS6SJ","方瓜","14","0","3.1"
"GRH51YS6SJ","分葱","34","0.7","5.1"
"GRH51YS6SJ","古龙 油焖笋尖","200","16.36","9.09"
"GRH51YS6SJ","观达菜","23","0.3","4.5"
"GRH51YS6SJ","黑笋(干)","268","2.4","57.5"
"GRH51YS6SJ","胡萝卜(黄)","46","0.2","10.2"
"GRH51YS6SJ","葫芦","16","0.1","3.5"
"GRH51YS6SJ","葫子","29","0.1","6.8"
"GRH51YS6SJ","黄茎瓜","19","0.9","2"
"GRH51YS6SJ","黄麻叶","42","0.3","5.8"
"GRH51YS6SJ","鸡毛菜","19","0.2","2.6"
"GRH51YS6SJ","荠菜","31","0.4","4.7"
"GRH51YS6SJ","茄子","23","0.2","4.9"
"GRH51YS6SJ","茄子(白皮，长)","21","0.1","5.5"
"GRH51YS6SJ","茄子(圆)","32","0.2","6.7"
"GRH51YS6SJ","豇豆(长)","32","0.2","5.8"
"GRH51YS6SJ","芥菜(大叶)","13","0.2","2.8"
"GRH51YS6SJ","芥菜头","36","0.2","7.4"
"GRH51YS6SJ","金丝瓜","38","2","2.2"
"GRH51YS6SJ","荆谊嘉 野竹笋","31.74","0.2","3.6"
"GRH51YS6SJ","韭黄","24","0.2","3.9"
"GRH51YS6SJ","韭苔","37","0.1","7.8"
"GRH51YS6SJ","苣荬菜(尖叶)","19","0","0"
"GRH51YS6SJ","卷心菜(包菜，圆白菜)","24","0.2","4.6"
"GRH51YS6SJ","空心菜","19","0.2","4"
"GRH51YS6SJ","苦菜","46","0.6","10"
"GRH51YS6SJ","苦瓜","22","0.1","4.9"
"GRH51YS6SJ","苦苦菜","42","0.9","6.8"
"GRH51YS6SJ","龙豆","36","0.5","5"
"GRH51YS6SJ","龙牙豆","19","0.2","2.4"
"GRH51YS6SJ","罗勒","26","0","4.6"
"GRH51YS6SJ","马齿苋","28","0.5","3.9"
"GRH51YS6SJ","马兰头","28","0.4","4.6"
"GRH51YS6SJ","美加佳 毛豆","81.74","2.9","9"
"GRH51YS6SJ","面西胡瓜","10","0","1.8"
"GRH51YS6SJ","苜蓿(草头)","35","0.7","2.9"
"GRH51YS6SJ","苤蓝","32","0.2","7"
"GRH51YS6SJ","蒲菜","14","0.1","2.4"
"GRH51YS6SJ","芹菜","13","0.2","1.8"
"GRH51YS6SJ","芹菜(西芹)","17","0.1","4.8"
"GRH51YS6SJ","芹菜(药芹)","13","0.2","3.1"
"GRH51YS6SJ","青萝卜","29","0.2","6.9"
"GRH51YS6SJ","青蒜","34","0.3","6.2"
"GRH51YS6SJ","秋黄瓜","14","0.2","2.5"
"GRH51YS6SJ","三鹿牌笋丝","8","0","1.6"
"GRH51YS6SJ","沙参叶","93","1.6","21.6"
"GRH51YS6SJ","圣女果","25","0.2","5.8"
"GRH51YS6SJ","食用大黄","9","0","1.5"
"GRH51YS6SJ","水果黄瓜","14","0.2","2.5"
"GRH51YS6SJ","四季豆","24","0.2","6"
"GRH51YS6SJ","四棱豆","19","0.2","4.2"
"GRH51YS6SJ","蒜黄","24","0.2","3.8"
"GRH51YS6SJ","笋瓜","13","0","3.1"
"GRH51YS6SJ","塔菜","28","0.4","4.2"
"GRH51YS6SJ","甜菜叶","22","0.1","4"
"GRH51YS6SJ","娃娃菜","13","0.2","2.4"
"GRH51YS6SJ","歪头菜","74","0.3","17.9"
"GRH51YS6SJ","豌豆苗","32","0.8","2.6"
"GRH51YS6SJ","西葫芦","19","0.2","3.8"
"GRH51YS6SJ","苋菜(绿)","30","0.3","5"
"GRH51YS6SJ","香茅","17","0.2","0"
"GRH51YS6SJ","小葱","27","0.4","4.9"
"GRH51YS6SJ","薤白","124","0.4","27.1"
"GRH51YS6SJ","洋葱(白皮，脱水)","342","0.4","81.9"
"GRH51YS6SJ","洋葱(紫皮，脱水)","339","0.4","80.6"
"GRH51YS6SJ","野葱","36","0.2","6.7"
"GRH51YS6SJ","野韭菜","44","0.9","7.2"
"GRH51YS6SJ","野菊","46","0.5","9"
"GRH51YS6SJ","野蒜","34","0.4","7.7"
"GRH51YS6SJ","樱桃萝卜","12","0.1","3"
"GRH51YS6SJ","油菜(黑)","19","0.2","2.9"
"GRH51YS6SJ","油菜(脱水)","316","0.6","74.3"
"GRH51YS6SJ","油麦菜","12","0.4","2.1"
"GRH51YS6SJ","有味 白芦笋罐头","15.75","0","2.36"
"GRH51YS6SJ","鱼腥草(叶)","32","0.1","10.7"
"GRH51YS6SJ","玉兰片","66","0.4","18.6"
"GRH51YS6SJ","远野风 冲菜","14.1","0.4","0.8"
"GRH51YS6SJ","紫菜薹","43","2.5","2.7"
"GRH51YS6SJ","bonduelle豌豆","86","0.7","10.3"
"H9FC35SAGG","葆春 橙蜜","311.9","0.8","75"
"H9FC35SAGG","葆春 刺五加蜂蜜","316.92","0","65"
"H9FC35SAGG","葆春 枸杞蜂蜜","311.9","0.8","75"
"H9FC35SAGG","葆春 荞麦蜂蜜","316.92","0","65"
"H9FC35SAGG","葆春 山黄莲蜂蜜","316.92","0","65"
"H9FC35SAGG","葆春 尤卡坦蜂蜜","316.92","0","65"
"H9FC35SAGG","葆春 原酿纯蜂蜜组合装","316.92","0","65"
"H9FC35SAGG","比亚乐蜂蜜芦荟茶","227","0","58"
"H9FC35SAGG","比亚乐蜂蜜柚子茶","280","0.5","70"
"H9FC35SAGG","冰糖","397","0","99.3"
"H9FC35SAGG","藏禧堂 拉萨林卡蜜(唤醒滋润型)","316.92","0","65"
"H9FC35SAGG","枫树屋 100%纯枫树糖浆","357.55","0","88"
"H9FC35SAGG","蜂蜜(天麻)","326","0.3","75.7"
"H9FC35SAGG","蜂品世家 龙眼蜜","325.05","0","75.6"
"H9FC35SAGG","蜂品世家 枇杷蜜","325.05","0","75.6"
"H9FC35SAGG","蜂品世家 野蜂冬蜜","325.05","0","75.6"
"H9FC35SAGG","蜂品世家 益母草花蜜","325.05","0","75.6"
"H9FC35SAGG","蜂品世家 枣花蜜","325.05","0","75.6"
"H9FC35SAGG","蜂圣 荆条蜜","316.92","0","65"
"H9FC35SAGG","蜂圣 荔枝蜜","316.92","0","65"
"H9FC35SAGG","蜂圣 雪旨花蜜(苕子蜜)","316.92","0","65"
"H9FC35SAGG","蜂圣 枣花蜜","316.92","0","65"
"H9FC35SAGG","福事多 椴树蜂蜜","274.62","1.2","65"
"H9FC35SAGG","甘蔗红糖","386","0","95.8"
"H9FC35SAGG","古松 白砂糖","401.53","0","99.7"
"H9FC35SAGG","红糖","389","0","96.6"
"H9FC35SAGG","宏基蜂蜜 牧蜂職人 白蜜","325","0.4","80"
"H9FC35SAGG","鸿香源 藏域野花原蜜","335.56","0","72"
"H9FC35SAGG","鸿香源 科尔沁益母草原蜜","335.56","0","72"
"H9FC35SAGG","鸿香源 千岛枇杷土蜂蜜","334.61","0","81"
"H9FC35SAGG","鸿香源 天山雪原蜜","335.56","0","72"
"H9FC35SAGG","徽黄 蜂巢蜜","346.56","2.5","72"
"H9FC35SAGG","徽黄 枣花蜂蜜","346.56","2.5","72"
"H9FC35SAGG","基维氏 斯西兰纯天然胡图卡瓦(圣诞花)蜂蜜","315.5","0","78.9"
"H9FC35SAGG","京花麸 碗中盛放的花朵 高级和风料理材料花魂","371.43","3.14","64"
"H9FC35SAGG","克瑞姆 蜂蜜","306.41","0","75"
"H9FC35SAGG","绿盈生机 南姜黑糖","328","0","80.8"
"H9FC35SAGG","马莎 法国薰衣草花香蜂蜜","325.05","0","80"
"H9FC35SAGG","马莎 新西兰三叶草蜂蜜","322.66","0","76.4"
"H9FC35SAGG","蜜蜂花园加拿大农场 蜂蜜(固体)","301.15","0","85"
"H9FC35SAGG","蜜园 野花蜂蜜","325","0","80"
"H9FC35SAGG","绵白糖","396","0","98.9"
"H9FC35SAGG","明园 蜂蜜","316.92","1","65"
"H9FC35SAGG","纽蜂王 南岛苜蓿花蜂蜜","315.49","0.1","80"
"H9FC35SAGG","纽蜂王 瑞塔蜂蜜","315.49","0.1","80"
"H9FC35SAGG","七式 金黄糖浆","333.17","0","82"
"H9FC35SAGG","七月花香 长白山野生椴树雪蜜","329.83","2.5","70.6"
"H9FC35SAGG","齐香斋 女人花粉蜂蜜乳","314.05","0","76.5"
"H9FC35SAGG","齐香斋 紫云英蜂蜜","301.15","1.5","78.8"
"H9FC35SAGG","千峰蜜庄 原生态蜂巢蜜","310.92","0","65"
"H9FC35SAGG","日正 特选黑糖","373.33","0","93.33"
"H9FC35SAGG","瑞歌 刺槐花蜂蜜","305.9","0","75"
"H9FC35SAGG","瑞歌 栗树蜂蜜","305.9","0","75"
"H9FC35SAGG","山养蜂园 100%成熟蜂蜜","324","0.16","80.3"
"H9FC35SAGG","神蜂科技 农大蜂蜜(枇杷蜂蜜)","332.46","0","81"
"H9FC35SAGG","食尚森活 红冰糖","400","0","100"
"H9FC35SAGG","舒可曼 纯正红糖","434.51","0","97"
"H9FC35SAGG","舒可曼 特细糖粉","401.53","0","99.6"
"H9FC35SAGG","顺南 黄金糖浆","317.88","0","78"
"H9FC35SAGG","太港 白砂糖","406.31","0","99.8"
"H9FC35SAGG","天兴 椴树蜜","311.9","0.8","75"
"H9FC35SAGG","天兴 五味子蜜","311.9","0.8","75"
"H9FC35SAGG","天兴 野玫瑰蜜","311.9","0.8","75"
"H9FC35SAGG","天兴 益母草蜜","311.9","0.8","75"
"H9FC35SAGG","唯斯 百花蜂蜜","337.24","0","83"
"H9FC35SAGG","呷蜜 橙花蜂蜜","304.02","0","82.4"
"H9FC35SAGG","心之源 成熟洋槐蜂蜜","310.71","0","75.1"
"H9FC35SAGG","雅各布斯 雅各布森橙花蜂蜜","339.39","0","83"
"H9FC35SAGG","雅各布斯 雅各布森薰衣草蜂蜜","339.39","0","83"
"H9FC35SAGG","养生源 多花种蜂蜜","316.92","0","65"
"H9FC35SAGG","养生源 蜂汇宝膏","330.31","1.2","75.7"
"H9FC35SAGG","养生源 黄连蜜","316.92","0","65"
"H9FC35SAGG","养生源 荔枝蜜","305.45","0","75"
"H9FC35SAGG","养生源 雪旨花蜜(苕子蜜)","316.92","0","65"
"H9FC35SAGG","养生源 洋槐蜜","316.92","0","65"
"H9FC35SAGG","养生源 枣花蜜","316.92","0","65"
"H9FC35SAGG","野小蜂 雪蜜","333.65","0","81"
"H9FC35SAGG","一山一蓝 长白山椴树蜜","320.98","1.9","75.6"
"H9FC35SAGG","一山一蓝 长白山小玫瑰蜜膏","320.98","1.9","75.6"
"H9FC35SAGG","有机厨坊 冲绳风味纯黑糖","400","2","96"
"H9FC35SAGG","长寿 深山野蜜","305","0","75.6"
"H9FC35SAGG","自然蜂採 台湾阿里山樱花蜜","329.59","0.3","81.4"
"H9FC35SAGG","自然蜂採 台湾日月潭龙眼花蜜","336.04","0.4","82.3"
"H9FC35SAGG","Airborne 苜蓿冬蜂蜜","325","0","80"
"H9FC35SAGG","Airborne 瑞塔花花蜜","325","0","80"
"H9FC35SAGG","ARATAKI液体蜂蜜","339.39","0","82.9"
"H9FC35SAGG","billybee 蜂蜜","300","0","85"
"H9FC35SAGG","Goldland 100%有机蜂蜜","302","0.1","75.1"
"H9FC35SAGG","Health Life 纽古乐 活性麦卢卡蜂蜜(16+)","315.49","0.1","79.6"
"H9FC35SAGG","Health Life 纽古乐 活性麦卢卡蜂蜜(20+)","315.49","0.1","79.6"
"H9FC35SAGG","Health Life 纽古乐 活性麦卢卡蜂蜜(5+)","315.49","0","79.6"
"H9FC35SAGG","Health Life 纽古乐 圣诞花蜂蜜","329.83","0.1","80"
"H9FC35SAGG","MELITA Honey Farm blue gum","334.61","0","80"
"H9FC35SAGG","Naturals ORGANIC MAPLE SYRUP 有机枫叶糖浆","366.67","0","90"
"H9FC35SAGG","Nature Juice 浓缩金桔蜂皇蜜","303.33","0","76.67"
"H9FC35SAGG","Nektar Valley 100% HONEY 奈他维牌黑莓蜂蜜","300","0","85"
"H9FC35SAGG","Nelson Honey 麦卢卡蜂蜜","334.61","0","82.1"
"H9FC35SAGG","Pure Maple Syrup 纯枫叶糖浆 B级","360","0","90"
"H9FC35SAGG","sweet nature新西兰椴树蜜","315.49","0.1","80"
"H9FC35SAGG","WAITEMATA CLOVER HONEY","293.98","0","76"
"IRAT5Z42SD","爱堡 无盐黄油","742","82","0.2"
"IRAT5Z42SD","爱博 黄油块(含盐)","718.21","81","0.2"
"IRAT5Z42SD","爱氏晨曦 黄油(正常盐度)","680","75","0.6"
"IRAT5Z42SD","安佰滋 耐焙烤调理奶油","304.02","17.1","30.7"
"IRAT5Z42SD","安佳 淡奶油","350","36.4","3.7"
"IRAT5Z42SD","安佳 黄油(无盐)","740","82.9","0.6"
"IRAT5Z42SD","安佳 黄油(有盐)","733.33","80","0"
"IRAT5Z42SD","白脱(食品工业)","744","82.7","0"
"IRAT5Z42SD","百伦泰醇正奶油味黄油(无盐)","730.4","82","1"
"IRAT5Z42SD","保利 微酸低脂奶油","201","18","5.6"
"IRAT5Z42SD","德运 黄油","722.04","81","0.7"
"IRAT5Z42SD","德运 Devondale涂抹黄油","719","81","1"
"IRAT5Z42SD","多美鲜 黄油","785.29","85.71","0"
"IRAT5Z42SD","多美鲜 咖啡鲜奶油","117","10","4"
"IRAT5Z42SD","多美鲜 喷射奶油","272.23","26","8"
"IRAT5Z42SD","多美鲜 无盐黄油","179.25","82.9","0"
"IRAT5Z42SD","多鲜美 多美鲜 植物黄油","363.29","41","0.2"
"IRAT5Z42SD","花唛 软滑黄油","625","69","0.8"
"IRAT5Z42SD","黄油","888","98","0"
"IRAT5Z42SD","黄油渣","599","43.8","40"
"IRAT5Z42SD","荟食 面包黄油","900","99","0"
"IRAT5Z42SD","健安喜 鱼油","714.29","71.43","21.43"
"IRAT5Z42SD","金龙鱼 深海鱼油(调和油)","884","100","0"
"IRAT5Z42SD","乐购 LARD(猪油)","900","99.8","0"
"IRAT5Z42SD","蒙牛 缔芝特烟熏味早餐奶酪","348.23","25","14.1"
"IRAT5Z42SD","奶油","879","97","0.9"
"IRAT5Z42SD","奶油(焦克)","447","48.3","0"
"IRAT5Z42SD","琪雷萨 稀奶油","346.08","36","2.7"
"IRAT5Z42SD","雀巢 淡奶油(稀奶油)","326.24","35.5","2"
"IRAT5Z42SD","乳玛琳 含多量植物性食用奶油","740","80","0"
"IRAT5Z42SD","森永 动植物混合淡奶油","427.5","45.75","2.3"
"IRAT5Z42SD","盛世金威 焙烤调理奶油(蛋挞专用)","320.27","18.2","30.5"
"IRAT5Z42SD","天美华乳 黄油","898.18","99.8","0"
"IRAT5Z42SD","铁塔 淡奶油","329.83","35","2.9"
"IRAT5Z42SD","威士宝无盐黄油","757","83.2","1"
"IRAT5Z42SD","新誉 耐焙烤调理奶油","217.73","14.2","26"
"IRAT5Z42SD","鸭油(炼)","897","99.7","0"
"IRAT5Z42SD","羊油","824","88","8"
"IRAT5Z42SD","羊油(炼)","895","99","0.9"
"IRAT5Z42SD","银宝 淡黄油","728.97","82","1"
"IRAT5Z42SD","银宝 清淡稀奶油","537.76","60","0.4"
"IRAT5Z42SD","银宝 软黄油","717.02","80","0.6"
"IRAT5Z42SD","银宝 无盐软黄油","713.67","80","0.5"
"IRAT5Z42SD","银宝 咸黄油","728.97","82","1"
"IRAT5Z42SD","源天然 焙烤调理奶油(蛋挞专用)","320.27","18.2","30.5"
"IRAT5Z42SD","众品 香猪油","884.32","100","0"
"IRAT5Z42SD","总统 超高温消毒低脂奶油(4%)","76","4","6.9"
"IRAT5Z42SD","总统 牌超高温消毒淡奶油(35.1%脂肪含量)","331.02","35.1","3.1"
"IRAT5Z42SD","总统 牌淡味黄油棒","729.92","82","0"
"IRAT5Z42SD","总统 牌咸味黄油块","712.24","80","0"
"IRAT5Z42SD","总统 咸味黄油","712.24","80","0"
"IRAT5Z42SD","Allowuie zero黄油","733.33","80","0"
"IRAT5Z42SD","BIONA 向日葵黄油","720","80","0.1"
"IRAT5Z42SD","Dr.Oetker欧特家博士 Dr.Oetker 柠檬风味奶油","318","28","14"
"IRAT5Z42SD","Dr.Oetker欧特家博士 Dr.Oetker 巧克力风味奶油","320","28","13"
"IRAT5Z42SD","Du darfst 低卡黄油","364","39","0.6"
"IRAT5Z42SD","Farmdale 奶油","294","27.6","8.7"
"IRAT5Z42SD","FLORA 低脂黄油","324","35","0.1"
"IRAT5Z42SD","FLORA 软滑植物牛油","630","70","1"
"IRAT5Z42SD","Fruit d' Or fruit d'or butter","320","35","1"
"IRAT5Z42SD","Homagold 低卡黄油","359","39","1"
"IRAT5Z42SD","Lucerne 酸奶油","200","16.67","6.67"
"IRAT5Z42SD","Meggle黄油(蒜味)","582","62","4.2"
"IRAT5Z42SD","NJOY 咖啡奶油","500","0","50"
"JSNC9WDKIF","白蘑菇(鲜)","29","0.4","3.8"
"JSNC9WDKIF","白牛肝菌","35","0.4","4.5"
"JSNC9WDKIF","白牛肝菌(干)","296","1.6","53.3"
"JSNC9WDKIF","波力 即食香菇","376.67","14","56.5"
"JSNC9WDKIF","草菇","27","0.2","4.3"
"JSNC9WDKIF","茶树菇(干)","309","2.6","56.1"
"JSNC9WDKIF","大褐菇","22","0.34","2.28"
"JSNC9WDKIF","大红菇(干)","263","2.8","50.9"
"JSNC9WDKIF","傣旺 云南菌 鸡枞香辣味","410.78","23.8","49.1"
"JSNC9WDKIF","傣旺 云南菌 牛肝菌香辣味","343.14","13.4","49.1"
"JSNC9WDKIF","地衣(水浸)","10","0","1.8"
"JSNC9WDKIF","冬菇(干)","277","1.3","64.6"
"JSNC9WDKIF","丰科仙菇道白玉菇","25.81","0.1","2.5"
"JSNC9WDKIF","丰驿特级香菇","179","1.4","24.5"
"JSNC9WDKIF","菇木真 姬松茸","294.22","1.2","32.3"
"JSNC9WDKIF","菇木真 金钱菇","274.38","1.2","61.7"
"JSNC9WDKIF","菇木真 木耳","264.58","1.5","65.6"
"JSNC9WDKIF","古龙 蘑菇罐头","20","0","3"
"JSNC9WDKIF","广益发 寿司海苔","585.8","44.1","27.5"
"JSNC9WDKIF","海带(浸)","16","0.1","3"
"JSNC9WDKIF","海带(鲜)","13","0.1","2.1"
"JSNC9WDKIF","海带菜(鲜，姑香牌)","112","7.5","15.3"
"JSNC9WDKIF","宏绿 山珍菇","62.62","2.5","3"
"JSNC9WDKIF","鸿喜菇","27.3","0.5","3.1"
"JSNC9WDKIF","猴头菇","21","0.2","4.9"
"JSNC9WDKIF","黄蘑(干)","284","6.4","46.9"
"JSNC9WDKIF","黄蘑(水发)","30","0.4","4.8"
"JSNC9WDKIF","黄皮牛肝菌","32","0.1","5.3"
"JSNC9WDKIF","黄伞菇(干)","294","3.2","57.5"
"JSNC9WDKIF","鸡枞(干)","297","3.7","44.8"
"JSNC9WDKIF","鸡枞(油炸)","646","66.3","10.2"
"JSNC9WDKIF","鸡枞花","18","0.3","1.8"
"JSNC9WDKIF","鸡枞菌","19","0.2","2.5"
"JSNC9WDKIF","鸡腿菇(干)","294","2","51.8"
"JSNC9WDKIF","鸡油菌","26","0.3","5.1"
"JSNC9WDKIF","金针菇","32","0.4","6"
"JSNC9WDKIF","金针菇(罐装)","26","0","6.7"
"JSNC9WDKIF","嚼嚼香香菇丝茸","545.38","43.4","38"
"JSNC9WDKIF","菌之泰香辣杏鲍菇","94","2.8","9"
"JSNC9WDKIF","康之嘉 手抓饼专用香辣金针菇","81.26","4.8","0.5"
"JSNC9WDKIF","口蘑(白蘑、干)","277","3.3","31.6"
"JSNC9WDKIF","绿巨人 切片蘑菇","20.83","0","3.33"
"JSNC9WDKIF","孟都牌 清水草菇","21.99","0.2","2.7"
"JSNC9WDKIF","蘑菇(干)","294","4.6","52.7"
"JSNC9WDKIF","木耳(干)","265","1.5","65.6"
"JSNC9WDKIF","木耳(水发)","27","0.2","6"
"JSNC9WDKIF","木耳(鲜)","25","0.04","6.75"
"JSNC9WDKIF","牛眼睛菌","41","0.3","6.6"
"JSNC9WDKIF","农家小菜 好菜郎油焖金针菇","113.53","9.7","3.8"
"JSNC9WDKIF","品世 香蕈鸡枞菌(鲜香味)","355.16","25.8","16.5"
"JSNC9WDKIF","品世 香蕈牛肝菌(麻辣味)","372.85","28.1","15.8"
"JSNC9WDKIF","品世香蕈鸡枞菌(麻辣味)","386.95","30.1","15.5"
"JSNC9WDKIF","平菇","17","0.1","3.2"
"JSNC9WDKIF","普中红蘑(干)","263","0.7","58.1"
"JSNC9WDKIF","俏渔郎 原味鲜紫菜","130.26","6","10"
"JSNC9WDKIF","青戈 素鲍鱼(白灵菇)","22.94","0","2.7"
"JSNC9WDKIF","清净园 包饭海苔","500","33.33","33.33"
"JSNC9WDKIF","琼脂","311","0.2","76.3"
"JSNC9WDKIF","裙带菜","45","0.64","9.14"
"JSNC9WDKIF","裙带菜(干)","219","1.7","41.5"
"JSNC9WDKIF","茸珍雪白金菇","41","0.5","5.4"
"JSNC9WDKIF","乳牛肝菌(干)","264","2.8","66"
"JSNC9WDKIF","森元九道菇白玉菌菇","26.05","0.1","2.4"
"JSNC9WDKIF","深海紫菜徽王食品","254.3","1.1","44.1"
"JSNC9WDKIF","圣王食品 即食百灵菇","34.18","0.38","4.1"
"JSNC9WDKIF","双孢蘑菇","26","0.1","2.7"
"JSNC9WDKIF","苔菜(干)","167","0.4","26.3"
"JSNC9WDKIF","陶老大 黄焖蘑菇","160.13","8.1","20.2"
"JSNC9WDKIF","王裔佳有机紫菜","234.23","0","27.5"
"JSNC9WDKIF","乡下厨房 村菇 杏鲍菇(野山椒味)","50.67","0","6.5"
"JSNC9WDKIF","香菇(干)","274","1.2","61.7"
"JSNC9WDKIF","香菇(鲜)","26","0.3","5.2"
"JSNC9WDKIF","香辣传奇 香辣杏鲍菇","114.72","2","11.3"
"JSNC9WDKIF","香杏丁蘑(干，大)","257","0.2","53.9"
"JSNC9WDKIF","香杏片口蘑(干)","252","1.5","37.6"
"JSNC9WDKIF","享多多 牛肝菌(香辣味)","372.85","28.1","15.3"
"JSNC9WDKIF","小菜一碟裙带菜","42.3","2.2","2.7"
"JSNC9WDKIF","新美香 什锦蘑菇","52.58","0.7","8.3"
"JSNC9WDKIF","信浓高原 盐水金针菇","99","0","21.4"
"JSNC9WDKIF","星贝 羊栖菜","60.95","1.3","6.8"
"JSNC9WDKIF","杏鲍菇","35","0.1","8.3"
"JSNC9WDKIF","血红菇(干)","313","6.7","56"
"JSNC9WDKIF","雅玛屋一品海藻丝","40.39","0.6","6"
"JSNC9WDKIF","燕之坊银耳","210.09","1.5","35.1"
"JSNC9WDKIF","羊肚菌","321","7.1","43.7"
"JSNC9WDKIF","洋琪 中华海草","96.08","3.9","12.5"
"JSNC9WDKIF","宜兰三星蒜香辣珍菇","228","16.4","17.6"
"JSNC9WDKIF","银耳(干)","261","1.4","67.3"
"JSNC9WDKIF","裕伟精选蘑菇片","23.08","0","3.08"
"JSNC9WDKIF","元蘑(干)","245","1.5","70.3"
"JSNC9WDKIF","掌状红皮藻","263.86","1.3","44.8"
"JSNC9WDKIF","珍珠白蘑(干)","258","0.7","56.3"
"JSNC9WDKIF","榛蘑(干)","178","3.7","31.9"
"JSNC9WDKIF","榛蘑(水发)","53","1.1","9.4"
"JSNC9WDKIF","竹荪(干)","248","3.1","60.3"
"JSNC9WDKIF","紫菜(干)","250","1.1","44.1"
"JSNC9WDKIF","Champignons","33.46","1","5"
"JSNC9WDKIF","Select佳之选  Select 佳之选 岩海苔","559","51.8","20.8"
"JSNC9WDKIF","sunwatch 日食 滑子菇罐头","14.82","0.15","1.9"
"JSNC9WDKIF","UMINOHO 寿司紫菜","288","0","35.7"
"LKCBB2LDMG","巴黎贝甜 谷物酸奶乳酸菌饮料","89.39","3.8","10.5"
"LKCBB2LDMG","芭蔻玛 迷娜欧式香浓牛奶(特浓)","106.12","4","14.7"
"LKCBB2LDMG","爸爸 香浓三合一即溶白咖啡(原味)","469.17","17.7","74.3"
"LKCBB2LDMG","超级 TEASUSU奶茶","410","8.8","76.5"
"LKCBB2LDMG","纯萃 純萃。喝 濃厚系 醇乳奶茶","63.7","1.7","12"
"LKCBB2LDMG","纯萃 純萃。喝 濃厚系 深焙奶茶","66.6","2.1","10"
"LKCBB2LDMG","达美 橙味酸奶饮品","73.61","0.6","15.4"
"LKCBB2LDMG","东远 香蕉味牛奶饮料(韩国原装进口)","73.99","3.17","9.13"
"LKCBB2LDMG","豆禾纯植物奶(非转基因大豆)","57","3","4"
"LKCBB2LDMG","古城 原味酸牛奶饮品","44.22","1","7.7"
"LKCBB2LDMG","光明 植物活力 植物乳杆菌","63.1","0","14.5"
"LKCBB2LDMG","光明 Hi优果粒 果粒酸牛奶饮品(奇异果+青苹果)","39.91","1.3","5.9"
"LKCBB2LDMG","韩国 三育发芽玄米豆奶","64.05","1","10.6"
"LKCBB2LDMG","好+1核桃牛奶复核蛋白饮品","40.63","1.3","4"
"LKCBB2LDMG","核桃乳(儿童型)","44","2.1","5.5"
"LKCBB2LDMG","花花牛 优e活菌乳酸菌饮料","51.38","1","9.2"
"LKCBB2LDMG","辉山爽哈哈原味","31","0.7","5"
"LKCBB2LDMG","惠尔康 谷粒谷力玉米南瓜浓浆","43.79","0.8","8"
"LKCBB2LDMG","活力宝(乳酸菌饮料)","35","0","6"
"LKCBB2LDMG","金车 健酪 乳酸饮料(蓝莓口味)","42","0","10"
"LKCBB2LDMG","九九缘豆号植物乳酸菌草莓味","35.85","1","6"
"LKCBB2LDMG","柯林滤泡式咖啡双耳随身包蓝山风味","406","6.8","68.7"
"LKCBB2LDMG","科迪鲜鲜果乳","39","0.5","8"
"LKCBB2LDMG","可尔必思 香柚风味乳酸饮料","246.67","0","61.33"
"LKCBB2LDMG","快鹿可可牛奶饮品","43.98","1.4","6.4"
"LKCBB2LDMG","蓝钻石 香草杏仁奶(无糖)","12.5","1.04","0.83"
"LKCBB2LDMG","蓝钻石 香草椰汁杏仁奶(甜味)","29.17","1.25","4.17"
"LKCBB2LDMG","蓝钻石 椰汁杏仁奶(无糖)","18.75","1.46","0.83"
"LKCBB2LDMG","蓝钻石 BLUEALMONDBREEZEUNSWEETENED","12.5","1.04","0.42"
"LKCBB2LDMG","李子园 绿豆奶场之绿豆牛奶复合蛋白饮品","31.64","1.6","3.32"
"LKCBB2LDMG","粒粒果奶饮料","30","0.6","5.1"
"LKCBB2LDMG","麦尔克养优乳酸菌饮品","13.62","0","2.3"
"LKCBB2LDMG","妙恋  妙恋红黄白绿黑绿豆奶昔","44.22","1","7.7"
"LKCBB2LDMG","妙恋  妙恋红黄白绿黑糯米奶昔","44.22","1","7.7"
"LKCBB2LDMG","明太郎红枣+牛奶乳酸菌饮品","63.58","1.4","10.8"
"LKCBB2LDMG","摩尔农庄 纯天然核桃乳","33.46","1.2","5"
"LKCBB2LDMG","南阳GT豆奶1/2卡路里(蛋白味)","31.05","1.47","1.84"
"LKCBB2LDMG","强人 乳酸菌","38","0","8.5"
"LKCBB2LDMG","巧克力豆奶","39","0.5","5.8"
"LKCBB2LDMG","三育豆奶 黑豆核桃杏仁味","69.23","2.05","8.72"
"LKCBB2LDMG","沙漠之花杏仁露","33.22","2.7","1.4"
"LKCBB2LDMG","山花 麦香奶乳饮料","38.96","1.2","6"
"LKCBB2LDMG","山花 酸酸乳乳饮料(草莓味)","38.96","1.2","6"
"LKCBB2LDMG","圣可 橙味牛奶饮料","25.1","0","5.7"
"LKCBB2LDMG","圣可 红果牛奶饮料","23.18","0","5.4"
"LKCBB2LDMG","酸乳饮料","54","1.3","9.4"
"LKCBB2LDMG","统一 生机有机燕麦奶","49","0.9","9.2"
"LKCBB2LDMG","统一麦香舞鹤奶茶","36","0.69","7.1"
"LKCBB2LDMG","旺旺益纤多益生菌发酵乳酸味饮料(菠萝味)","47.8","0","10"
"LKCBB2LDMG","唯怡 双蛋白平衡乳","51.86","1.4","8.7"
"LKCBB2LDMG","维他 奶(北海道密瓜味)","43","1.4","6.3"
"LKCBB2LDMG","维他 奶(麦香)","53.3","1.3","8.5"
"LKCBB2LDMG","维他 奶巧克力豆奶饮料","56.98","1.52","9.12"
"LKCBB2LDMG","维他 奶香芋豆奶饮料","55.04","1.36","8.72"
"LKCBB2LDMG","维他 奶燕麦味五谷杂粮蛋白饮品","42.54","1.5","6.2"
"LKCBB2LDMG","味全 资优奶(苹果乳饮品)","65","1.6","11"
"LKCBB2LDMG","喜乐(乳酸饮料)","53","0.2","11.8"
"LKCBB2LDMG","夏进 益酸乳乳味饮料之雪梨味","27.49","0.7","4.7"
"LKCBB2LDMG","夏进杏仁牛奶蛋白饮品","42.07","1.3","6.5"
"LKCBB2LDMG","小浣熊 开味乳乳饮品","65.73","0","15.2"
"LKCBB2LDMG","新希望 活润 新希望活益多乳酸菌饮料(原味)","71.94","0","16.5"
"LKCBB2LDMG","新希望 雪兰 雪兰新希望原浆核桃花生乳","57.6","2.6","7.4"
"LKCBB2LDMG","新希望原浆核桃花生乳","39.91","1.2","6"
"LKCBB2LDMG","星巴克 卡布奇诺","29.59","1.48","2.33"
"LKCBB2LDMG","旭洋大豆发酵乳酸菌饮品(蓝莓味)","69.31","1.5","9.1"
"LKCBB2LDMG","燕塘 高钙低脂牛奶饮品","44.46","1.4","4.7"
"LKCBB2LDMG","燕塘黑牛奶饮品(牛奶+黑芝麻+黑米+黑豆)","66.68","2.4","9.2"
"LKCBB2LDMG","燕塘酸奶饮品(瓶装)","57.84","1.3","10.2"
"LKCBB2LDMG","燕塘甜牛奶饮品","68.12","3.1","7.6"
"LKCBB2LDMG","阳春羊乳饮品(草莓味)","33.94","1","5.2"
"LKCBB2LDMG","阳春羊乳饮品(原味)","33.94","1","5.2"
"LKCBB2LDMG","养味 无糖型酸乳菌饮品","20.32","0","4"
"LKCBB2LDMG","椰国椰子汁(果肉)","44.22","1.3","7.2"
"LKCBB2LDMG","椰龙果肉椰子汁","44.46","1.6","7.1"
"LKCBB2LDMG","椰树 果肉椰汁","48.28","2","6.8"
"LKCBB2LDMG","伊利 优酸乳(哈密瓜味)","40.15","1.2","6"
"LKCBB2LDMG","伊藤园 乳酸菌牛奶饮品","51","0","12.05"
"LKCBB2LDMG","银鹭 花生牛奶蛋白饮料","46.85","1.8","6.5"
"LKCBB2LDMG","银鹭 牛奶花生复合蛋白饮品","114.5","5.5","14"
"LKCBB2LDMG","银鹭麦香牛奶复合蛋白饮料","62.14","2.2","8"
"LKCBB2LDMG","永和 黑豆乳饮料","52.34","1.6","7.7"
"LKCBB2LDMG","悦家 D3健钙酸奶饮品(草莓味)","37.05","0","7.5"
"LKCBB2LDMG","悦家 D3健钙酸奶饮品(清香菠萝)","37.05","0","7.5"
"LKCBB2LDMG","中绿粗粮王 粗粮奶优五谷牛奶浓浆","58.8","1.5","9.8"
"LKCBB2LDMG","专一 南瓜乳","394.36","4.6","87.6"
"LKCBB2LDMG","卓德 脱脂含乳饮品(覆盆子口味)","79.83","0","17.3"
"LKCBB2LDMG","祖名玫瑰红枣豆乳","62.14","2.3","7.5"
"LKCBB2LDMG","Almond 杏仁奶","24","1.2","3.2"
"LKCBB2LDMG","ASEED 牛奶咖啡","42.07","0.8","8.1"
"LKCBB2LDMG","BIOES有机燕麦杏仁奶","70","3.1","8"
"LKCBB2LDMG","drinho 豆奶","47","1","7.5"
"LKCBB2LDMG","Lactasoy力大狮 Lactasoy soymilk (原味豆奶)","86.67","3.67","10.67"
"LKCBB2LDMG","Living Harvest Tempt大麻仁奶(无糖香草味)","33.33","3.33","0.42"
"LKCBB2LDMG","MAX TEA TARIK 美诗泡泡奶茶","420","9.6","78.8"
"LKCBB2LDMG","PARADE 牛奶蛋泡饮料","52.1","0.9","10.6"
"LKCBB2LDMG","Silk天然原味杏仁奶","25","1.04","3.33"
"LKCBB2LDMG","Suzie's 藜麦奶(香草味)","42.19","0.42","8.44"
"LKCBB2LDMG","WAKODO和光堂  和光堂 wakodo 宝宝乳酸菌饮料","35","0","8.7"
"LKCBB2LDMG","WESTSOY韦斯 韦斯豆奶(淡)","37.52","1.9","2.1"
"LKCBB2LDMG","ふくれん豆乳饮料(麦芽咖啡味)","27","1.4","1.4"
"NP8Z3NMATH","7-ELEVEN 7-11御饭团(酱烧鳗口味)","187.9","6.7","26.4"
"NP8Z3NMATH","八宝粥(亲亲牌)","76","4","8.8"
"NP8Z3NMATH","包子(三鲜馅)","223","8.6","29.1"
"NP8Z3NMATH","包子(猪肉馅)","227","10","30.3"
"NP8Z3NMATH","餐包","284","1.2","58.7"
"NP8Z3NMATH","超群 云吞","181","10.9","8.7"
"NP8Z3NMATH","炒饭","188","5.6","31.7"
"NP8Z3NMATH","顶味 鸡蛋面","358.04","2","72"
"NP8Z3NMATH","顶味 荞麦挂面","340.19","1.5","70"
"NP8Z3NMATH","豆沙","247","1.9","52.7"
"NP8Z3NMATH","多维面包","316","8.4","51.3"
"NP8Z3NMATH","方便面","473","21.1","61.6"
"NP8Z3NMATH","粉皮","62","0.3","15"
"NP8Z3NMATH","粉丝(干)","338","0.2","83.7"
"NP8Z3NMATH","粉条(干)","338","0.1","84.2"
"NP8Z3NMATH","甘薯粉","336","0.2","80.9"
"NP8Z3NMATH","干豇豆(煮)","133","0.6","24"
"NP8Z3NMATH","挂面","353","0.9","75.1"
"NP8Z3NMATH","挂面(精制龙须面)","348","0.5","74.7"
"NP8Z3NMATH","桂花藕粉","344","0.1","85.3"
"NP8Z3NMATH","果料面包","279","2.1","57"
"NP8Z3NMATH","海鲜味方便面(面饼+调味料+油料)","451","19.2","60.1"
"NP8Z3NMATH","河粉(干)","359","1.5","79.2"
"NP8Z3NMATH","黑芝麻汤圆","311","13.8","46.2"
"NP8Z3NMATH","红豆沙","244","0.1","57.1"
"NP8Z3NMATH","红豆馅","261","0.2","61.7"
"NP8Z3NMATH","红烧牛肉方便面(面饼+调味料+蔬菜+肉酱)","447","17.9","64"
"NP8Z3NMATH","花卷","214","1","45.6"
"NP8Z3NMATH","桦榕面包","329","7.5","56.6"
"NP8Z3NMATH","黄油面包","331","8.7","55.6"
"NP8Z3NMATH","鸡汁味干脆面(面饼+调味料)","505","27","55.2"
"NP8Z3NMATH","嘉顿 生命面包 450g","284.44","4.44","49.78"
"NP8Z3NMATH","煎饼","354","0.7","83.8"
"NP8Z3NMATH","饺子(三鲜馅)","240","12.3","26.6"
"NP8Z3NMATH","饺子(猪肉韭菜馅)","250","14.4","26"
"NP8Z3NMATH","饺子(猪肉芹菜馅)","253","16.8","22.1"
"NP8Z3NMATH","饺子(猪肉香菇馅)","231","15.3","12.6"
"NP8Z3NMATH","饺子/馄饨(半荤)","223","9.1","31.1"
"NP8Z3NMATH","饺子/馄饨(荤馅)","267","15.4","23.8"
"NP8Z3NMATH","饺子/馄饨(素馅)","198","5.6","32.7"
"NP8Z3NMATH","今麦郎辣煌尚四川麻辣牛肉味方便面","525.81","20","61"
"NP8Z3NMATH","韭菜合子","211","11.3","21.7"
"NP8Z3NMATH","烤麸","121","0.3","9.3"
"NP8Z3NMATH","烤红薯","90","4.1","20.71"
"NP8Z3NMATH","可迪全乐 意大利通心粉","360","1.5","75.2"
"NP8Z3NMATH","空锅饼","278","0.2","60.9"
"NP8Z3NMATH","烙饼","258","2.3","52.9"
"NP8Z3NMATH","乐斯美面包","333","2.8","68.6"
"NP8Z3NMATH","凉面","167","1.7","33.3"
"NP8Z3NMATH","马铃薯粉","340","0.5","77.4"
"NP8Z3NMATH","麦当劳 吉士汉堡包","293.14","11.8","31.1"
"NP8Z3NMATH","麦可麦 燕麦片","358.51","7.5","60"
"NP8Z3NMATH","麦维面包","270","4.7","48.6"
"NP8Z3NMATH","馒头","223","1.1","47"
"NP8Z3NMATH","曼可顿 粗粮吐司面包","246.89","3.5","43.5"
"NP8Z3NMATH","曼可顿 全麦高纤维面包","242.83","1.6","42"
"NP8Z3NMATH","蒙尔司 年糕(低糖桂花年糕)","156","0.6","34.7"
"NP8Z3NMATH","糜子米(炒米)","376","2.6","80.5"
"NP8Z3NMATH","米饭","116","0.3","25.9"
"NP8Z3NMATH","米粉(干)","349","0.8","85.8"
"NP8Z3NMATH","面包","313","5.1","58.6"
"NP8Z3NMATH","面包条(白)","283","5.2","51.1"
"NP8Z3NMATH","面筋(肉馅)","364","33.2","0.1"
"NP8Z3NMATH","面条(标准粉，切面)","283","1.6","59.5"
"NP8Z3NMATH","面条(干切面)","355","0.1","77.7"
"NP8Z3NMATH","面条(生)","301","0.6","65.6"
"NP8Z3NMATH","魔芋精粉","186","0.1","78.8"
"NP8Z3NMATH","牛角面包","378","14.3","55"
"NP8Z3NMATH","培根汉堡(夹熏肉，奶酪，加调料酱)","311","18.9","19"
"NP8Z3NMATH","葡萄干面包","260","3.7","50.1"
"NP8Z3NMATH","全麦面包","254","3.55","43.1"
"NP8Z3NMATH","热干面","153","2.4","28.7"
"NP8Z3NMATH","赛百味 subway白面包(6 inch)","281.69","2.82","53.52"
"NP8Z3NMATH","三明治(夹火腿、干酪)","244","10.6","22.9"
"NP8Z3NMATH","三明治(夹鸡蛋、干酪)","234","13.3","17.8"
"NP8Z3NMATH","烧饼(加糖)","298","2.1","62.7"
"NP8Z3NMATH","水面筋(泡发后)","142","0.1","12.3"
"NP8Z3NMATH","私房小厨苡仁粉","449","17","65"
"NP8Z3NMATH","思念 北方家常水饺(猪肉韭菜)","199.57","8.3","22.3"
"NP8Z3NMATH","思念 奶香馒头","267.69","0.5","58"
"NP8Z3NMATH","豌豆粉丝","368","0","91.7"
"NP8Z3NMATH","维生素面包","279","5.6","48.6"
"NP8Z3NMATH","无糖藕粉","373","0","93"
"NP8Z3NMATH","咸面包","275","3.9","51"
"NP8Z3NMATH","小麦粉(标准粉)","362","2.5","70.9"
"NP8Z3NMATH","小米粥","46","0.7","8.4"
"NP8Z3NMATH","椰圈面包","320","4.8","59.9"
"NP8Z3NMATH","伊田面馆 .乌冬面","137.9","0.3","28.6"
"NP8Z3NMATH","伊田面馆 拉面","167.78","0.86","33.6"
"NP8Z3NMATH","意大利面(通心粉)","351","0.1","75.8"
"NP8Z3NMATH","油饼","403","22.9","42.4"
"NP8Z3NMATH","油面筋","492","25.1","40.4"
"NP8Z3NMATH","油条","388","17.6","51"
"NP8Z3NMATH","莜麦面","391","8.6","67.7"
"NP8Z3NMATH","玉米面(黄)","350","1.5","78.4"
"NP8Z3NMATH","煮面条","107","0.4","22.8"
"NP8Z3NMATH","煮芋头","60","0.1","13"
"NP8Z3NMATH","RiverMill 味出道黑麦土司","317.88","7.5","52.2"
"NP8Z3NMATH","shany奶油面包","390","12","64"
"NP8Z3NMATH","WHOLE WHEAT面包片","250","3.57","46.43"
"QG5OZA15Y4","安佳 黄油","738.53","82.9","0.6"
"QG5OZA15Y4","奥尼 葡萄籽油","813.58","92","0"
"QG5OZA15Y4","奥尼 特级初榨橄榄油","804.73","91","0"
"QG5OZA15Y4","百一 特级初榨橄榄油","822","91.3","0"
"QG5OZA15Y4","卜蜂莲花大豆油","884.32","100","0"
"QG5OZA15Y4","菜籽油","899","99.9","0"
"QG5OZA15Y4","茶油","899","99.9","0"
"QG5OZA15Y4","崔字牌黑芝麻油","884.32","100","0"
"QG5OZA15Y4","大麻油","899","99.9","0"
"QG5OZA15Y4","刀唛 玉米油","884.32","100","0"
"QG5OZA15Y4","豆油","899","99.9","0"
"QG5OZA15Y4","帆船 牌特级初榨橄榄油FRAGATA","898","100","0"
"QG5OZA15Y4","凤鸟 椰子油","878.59","100","0"
"QG5OZA15Y4","福临门 玉米油 (非转基因)","884.32","100","0"
"QG5OZA15Y4","富味乡 黑麻油","897.94","99.7","0"
"QG5OZA15Y4","盖娅 卡拉玛塔DOP级特级初榨橄榄油","884.32","100","0"
"QG5OZA15Y4","橄榄油","899","99.9","0"
"QG5OZA15Y4","韩国不倒翁低脂肪橄榄黄油","360","40","0"
"QG5OZA15Y4","红花油","899","99.9","0"
"QG5OZA15Y4","胡麻油","900","100","0"
"QG5OZA15Y4","花生油","899","99.9","0"
"QG5OZA15Y4","皇家蒙特垒特级初榨橄榄油","799.87","93.33","0"
"QG5OZA15Y4","混合油(菜+棕)","900","99.9","0.1"
"QG5OZA15Y4","佳之选 橄榄油","823","91.4","0"
"QG5OZA15Y4","金城堡特级初榨橄榄油","883.9","100","0"
"QG5OZA15Y4","金龙鱼 玉米油","884.32","100","0"
"QG5OZA15Y4","金龙鱼 植物甾醇玉米油","875.48","99","0"
"QG5OZA15Y4","金龙鱼橄榄原香食用调和油","884.32","100","0"
"QG5OZA15Y4","金龙鱼食用调和油","884.32","100","0"
"QG5OZA15Y4","金龙鱼油茶籽油","884.32","100","0"
"QG5OZA15Y4","金牛 芝麻油","899","99.8","0"
"QG5OZA15Y4","卡拉利 特级橄榄油","822","91.3","0"
"QG5OZA15Y4","卡拉佩利 初榨橄榄油","800","93.33","0"
"QG5OZA15Y4","卡拉佩利 特级初榨橄榄油","822","91.3","0"
"QG5OZA15Y4","卡派纳特级初榨橄榄油","807.36","91.3","0"
"QG5OZA15Y4","坎诺拉 健康黄油","700","80","0"
"QG5OZA15Y4","辣椒油","900","100","0"
"QG5OZA15Y4","黎红 花椒油","769.6","91.2","0"
"QG5OZA15Y4","李锦记 芝麻油","866.67","93.33","0"
"QG5OZA15Y4","恋奶精球","258.1","26","3"
"QG5OZA15Y4","龙溪一滴香黑芝麻香油","884.32","100","0"
"QG5OZA15Y4","鲁花 压榨特香菜籽油","899.1","99.9","0"
"QG5OZA15Y4","鲁花 芝麻香油","884.32","99.9","0"
"QG5OZA15Y4","鲁花特级初榨橄榄油","884.32","99.9","0"
"QG5OZA15Y4","麦芽油","899","99.9","0"
"QG5OZA15Y4","米糠油","894","98.7","1.3"
"QG5OZA15Y4","欧丽薇兰 特级初榨橄榄油","813.58","92","0"
"QG5OZA15Y4","欧丽薇兰 特级初榨橄榄油-桶装","884.32","100","0"
"QG5OZA15Y4","佩萨庄园100%特级初榨橄榄油","884.32","100","0"
"QG5OZA15Y4","蒲福 核桃油","884.32","100","0"
"QG5OZA15Y4","蒲福 葡萄籽油","884.32","100","0"
"QG5OZA15Y4","蒲福 杏仁油","884.32","100","0"
"QG5OZA15Y4","蒲福 榛子油","884.32","100","0"
"QG5OZA15Y4","奇子香 魔油 食用调味油","881.45","99.4","0"
"QG5OZA15Y4","橋邊鵝肉 黃金鵝香辣油","860","87.4","2"
"QG5OZA15Y4","青岛大利 特级生油","800","93.33","0"
"QG5OZA15Y4","日清 健康利多高油酸葵花籽油","884.32","100","0"
"QG5OZA15Y4","色拉油","898","99.8","0"
"QG5OZA15Y4","舒觅 特级初榨原生橄榄油","884.32","99","0"
"QG5OZA15Y4","塔原红花 红花籽油","883.37","99.9","0"
"QG5OZA15Y4","太太乐芝麻油","884.32","99.9","0"
"QG5OZA15Y4","天力牌 日式风味芥末油","871.89","98.6","0"
"QG5OZA15Y4","田歌 山茶油","884.08","100","0"
"QG5OZA15Y4","统一纯橄榄油","818","91","0"
"QG5OZA15Y4","维狄 ESSENTIAL WAITROSE essential Waitrose olive oil","823","91.4","0"
"QG5OZA15Y4","五福芝麻香油","883.93","99.9","0"
"QG5OZA15Y4","乡王 火锅油碟(芝麻调和油)","815.49","91.3","0"
"QG5OZA15Y4","欣奇典 亚麻籽油","883.37","99.9","0"
"QG5OZA15Y4","椰子油","899","99.9","0"
"QG5OZA15Y4","意大利CLEMENTE克莱门特特级初榨橄榄油","799.71","93.3","0"
"QG5OZA15Y4","英佰瑞 SAINSBURY橄榄油","823","91.4","0"
"QG5OZA15Y4","油茶籽油","898","99.8","0"
"QG5OZA15Y4","玉米油","895","99.2","0.5"
"QG5OZA15Y4","长白工坊 有机亚麻籽油(冷初榨500ml)","884.32","100","0"
"QG5OZA15Y4","长白工坊 有机孕产妇装亚麻籽油","884.32","100","0"
"QG5OZA15Y4","长康 100%黑芝麻油","884.32","99.9","0"
"QG5OZA15Y4","长康 第一到 纯芝麻油","884.32","99.9","0"
"QG5OZA15Y4","长生 特级初榨橄榄油","877.15","100","0"
"QG5OZA15Y4","芝焙 烘焙专用色拉油","883.6","100","0"
"QG5OZA15Y4","芝麻油","898","99.7","0.2"
"QG5OZA15Y4","志成香麻油","899","99.8","0"
"QG5OZA15Y4","珠江 桥牌小磨芝麻油","900","100","0"
"QG5OZA15Y4","棕榈油","900","100","0"
"QG5OZA15Y4","Azalea 葡萄籽油","833.33","92.67","0"
"QG5OZA15Y4","COCO D'ORO 金椰王 有机冷压椰油","700","93.33","0"
"QG5OZA15Y4","cufrol 橄福 Cufrol/橄福 柠檬味橄榄调味油","803.06","93.3","0"
"QG5OZA15Y4","cufrol 橄福 Cufrol/橄福 特级初榨橄榄油","799.71","93.3","0"
"QG5OZA15Y4","cufrol 橄福 Cufrol/橄福 意大利系列 特级初榨橄榄油","799.71","93.3","0"
"QG5OZA15Y4","fandler 有机冷压甜杏仁油","882","100","0"
"QG5OZA15Y4","Filippo Berio 清爽橄榄油","822","91.3","0"
"QG5OZA15Y4","ja! Ja葵花籽油","828","92","0"
"QG5OZA15Y4","Landliele Landliebe 葵花籽调和油","813.58","92","0"
"QG5OZA15Y4","olivoila 初榨橄榄油","884.32","100","0"
"QG5OZA15Y4","PAMS超淡橄榄油","810.23","91.5","0"
"QG5OZA15Y4","RAVIKA特级初榨橄榄油","809.03","100","0"
"QG5OZA15Y4","Raweggie 有机椰子油","857","100","0"
"QG5OZA15Y4","Schneekoppe 诗尼坎普  Schneekoppe德国冷压第一次亚麻仁油","830","92","0"
"QG5OZA15Y4","Trader Joe's 有机初榨椰子油","800","93.33","0"
"QG5OZA15Y4","Wesson 植物油","857.14","100","0"
"QG5OZA15Y4","Westfalia酪梨油","880","93.33","0"
"TE2R3V4FC3","爱森 蚝油牛肉片","94.17","1.1","7.6"
"TE2R3V4FC3","爱森 清炒猪肉丝","88.91","2.2","4.2"
"TE2R3V4FC3","扒猪脸","347","29.6","1.4"
"TE2R3V4FC3","茶肠","329","29.6","6.7"
"TE2R3V4FC3","炒肝","96","8","3.3"
"TE2R3V4FC3","村嫂 湖南腊肉","498","48.8","29"
"TE2R3V4FC3","独伊佳 风干牛肉干(原味)","239.24","5.1","4.8"
"TE2R3V4FC3","福气来 肉燥","145.08","12.5","4.9"
"TE2R3V4FC3","福气来 香辣里肌","82.7","4.9","4.2"
"TE2R3V4FC3","福气来 香辣牛肉","102.53","7.5","3.5"
"TE2R3V4FC3","冈第斯 牦牛排(西冷)","119.26","4.2","3.9"
"TE2R3V4FC3","狗肉","116","4.6","1.8"
"TE2R3V4FC3","古厝甜头 儿童肉松","442.16","14.8","48.5"
"TE2R3V4FC3","古厝甜头 金丝肉松","433.56","15.2","43"
"TE2R3V4FC3","古厝甜头 台湾肉松","442.16","14.8","48.5"
"TE2R3V4FC3","冠进 蒜香骨","270.08","27.5","3.2"
"TE2R3V4FC3","灌肠(湿)","134","0.3","32.8"
"TE2R3V4FC3","广东香肠","433","37.3","6.4"
"TE2R3V4FC3","濠美味 开花牛肉丸","178.54","11.7","7"
"TE2R3V4FC3","好得睐 过油肉","119.02","6.2","4.1"
"TE2R3V4FC3","好得睐 黑椒牛肉","90.58","2.5","2.3"
"TE2R3V4FC3","好好 好好猪 QQ金钱肉","367.59","12.2","38.9"
"TE2R3V4FC3","好好 铁板牛肉","381.69","13","39.6"
"TE2R3V4FC3","皓月 夫妻肺片","145.55","11.6","1.6"
"TE2R3V4FC3","火腿(云南)","565","56.1","3.7"
"TE2R3V4FC3","嘉乐 回锅肉","186.9","16.8","5.8"
"TE2R3V4FC3","嘉乐 酱焖猪手","194.07","13.7","8.1"
"TE2R3V4FC3","嘉乐 玉米栗子炖排骨","138.62","6.61","13.87"
"TE2R3V4FC3","酱牛肉","246","11.9","3.2"
"TE2R3V4FC3","酱汁肉","549","50.4","8.4"
"TE2R3V4FC3","金锣 烩菜香肠","143.88","5","12"
"TE2R3V4FC3","九洲御 泡椒兔耳","147.47","9.1","2.5"
"TE2R3V4FC3","腊肉(生，脂肪49g)","498","48.8","2.9"
"TE2R3V4FC3","老年保健肉松","458","20.5","32.5"
"TE2R3V4FC3","卤博士 五香猪蹄","208.17","12.6","5.1"
"TE2R3V4FC3","鹿肉","92","1.3","0.3"
"TE2R3V4FC3","驴肉(卤)","151","1.9","5.8"
"TE2R3V4FC3","骆驼蹄","116","1.4","0.2"
"TE2R3V4FC3","马肉","122","4.6","0.1"
"TE2R3V4FC3","美好 三明治火腿","130","4.4","6.2"
"TE2R3V4FC3","牧谣 牛后腿肉(香辣味)","330.07","5.8","44"
"TE2R3V4FC3","牛百叶(黑)","70","1.9","0"
"TE2R3V4FC3","牛大肠","66","2.3","0.4"
"TE2R3V4FC3","牛肉(背部肉)","193","12.4","3"
"TE2R3V4FC3","牛肉(小腿肉)","122","3.3","0"
"TE2R3V4FC3","牛舌","196","13.3","2"
"TE2R3V4FC3","牛肾","94","2.4","2.6"
"TE2R3V4FC3","牛蹄筋","151","0.5","2.6"
"TE2R3V4FC3","奇瑞厨 带皮黄牛肉","186.42","6.2","2.8"
"TE2R3V4FC3","荣程 腊兔","233.99","3","0.5"
"TE2R3V4FC3","肉酥","509","27.1","35.5"
"TE2R3V4FC3","锐澳 MAREHOTTUNA","220.2","13","0.8"
"TE2R3V4FC3","三鸿 金陵风味香肠","428.54","31","12"
"TE2R3V4FC3","三鸿 台湾风味香肠","429.97","30","15.5"
"TE2R3V4FC3","沙爹 牛肉干(牌)","327","3.6","33.6"
"TE2R3V4FC3","圣农美厨 圣农 腿排(黑椒味)","194.55","13.5","1.7"
"TE2R3V4FC3","食掌柜 带皮黄牛肉","132.17","4.2","1.9"
"TE2R3V4FC3","双汇 韩式烧烤 烤香肠","189.29","9","11.5"
"TE2R3V4FC3","松江肠","402","26.5","28.5"
"TE2R3V4FC3","太仓肉松","316","8.3","21.6"
"TE2R3V4FC3","兔肉(野)","84","2","0"
"TE2R3V4FC3","万市香 猪肉脯","389","11.1","42.6"
"TE2R3V4FC3","万威客 营养早餐切片火腿","116.63","1.5","7.4"
"TE2R3V4FC3","无印良品 马沙曼咖喱猪肉","205.56","15.39","11.78"
"TE2R3V4FC3","午餐肉","229","15.9","12"
"TE2R3V4FC3","喜来品 儿童牛排","76.48","2.3","0.5"
"TE2R3V4FC3","喜来品 菲力牛排","76.48","2.3","0.5"
"TE2R3V4FC3","香肠(罐头)","290","28.1","1.3"
"TE2R3V4FC3","小红肠","280","23.2","6"
"TE2R3V4FC3","小泥肠","295","26.3","3.2"
"TE2R3V4FC3","新冷大 正宗台式卤肉","185.23","12.6","6.9"
"TE2R3V4FC3","亚明 韩澳舌","134.08","8.6","3.2"
"TE2R3V4FC3","亚明 猪颈肉","246.18","20.5","3.2"
"TE2R3V4FC3","羊大肠","75","2.4","0"
"TE2R3V4FC3","羊肉(瘦)","118","3.9","0.2"
"TE2R3V4FC3","羊肉(熟)","217","13.8","0"
"TE2R3V4FC3","羊肉(胸脯)","133","6.2","0"
"TE2R3V4FC3","羊肉串(炸)","217","11.5","10"
"TE2R3V4FC3","羊肉片","118","4","2.4"
"TE2R3V4FC3","羊肉手抓","188","8.8","0"
"TE2R3V4FC3","羊舌","225","14.2","4.8"
"TE2R3V4FC3","益厨王 卤水拼盘","133.84","6.3","2.4"
"TE2R3V4FC3","祯祥 咖喱牛肉","44.46","0.7","7.3"
"TE2R3V4FC3","郑新初 烤鲜牛肉(铁板味)","533","44","10"
"TE2R3V4FC3","猪胆肝","336","6.4","25.3"
"TE2R3V4FC3","猪皮","363","28.1","0"
"TE2R3V4FC3","猪肉(瘦)","143","6.2","1.5"
"TE2R3V4FC3","猪肉(猪脖)","577","60.5","0"
"TE2R3V4FC3","猪肉松","316","8.3","21.6"
"TE2R3V4FC3","猪舌","184","12.4","0"
"TE2R3V4FC3","猪肾","137","8.1","0"
"TE2R3V4FC3","猪蹄筋","156","1.4","0.5"
"TE2R3V4FC3","猪小肠","65","2","1.7"
"TE2R3V4FC3","猪小排(良杂猪)","351","32.7","0"
"TE2R3V4FC3","猪血","55","0.3","0.9"
"TE2R3V4FC3","猪肘棒","248","16","9.4"
"TE2R3V4FC3","Armour 牛肉干(减脂95%)","200","5","6.67"
"TE2R3V4FC3","Four'n Twenty angus beef +pepper","260.52","14.2","24"
"TE2R3V4FC3","Libby's 维也纳香肠(烧烤酱)","212.12","19.7","3.03"
"TE2R3V4FC3","OLDENHAUSER Chopped Pork 猪肉午餐肉罐头","290","26.7","0"
"UCRVG0PAR4","八喜 棒冰淇淋(提拉米苏口味)","269.84","19.84","19.19"
"UCRVG0PAR4","百乐宝 巧克力雪糕","174","9.6","19.2"
"UCRVG0PAR4","百乐宝数码迷城红豆雪糕","138.38","3.3","23.7"
"UCRVG0PAR4","百乐宝数码迷城巧克力雪糕","174","9.6","19.2"
"UCRVG0PAR4","棒冰","73","1","16.1"
"UCRVG0PAR4","宾格瑞 能量冰(西瓜味)","96.57","0.51","22.23"
"UCRVG0PAR4","冰凌 棒冰","40.15","0.1","9.8"
"UCRVG0PAR4","冰淇淋","127","5.3","17.3"
"UCRVG0PAR4","冰淇淋(草莓味)","150","3.2","29.4"
"UCRVG0PAR4","冰淇淋(花心筒)","278","13.1","37.5"
"UCRVG0PAR4","冰淇淋(加奶油)","211","12.8","20.5"
"UCRVG0PAR4","冰淇淋(苦咖啡味)","205","10.1","25.6"
"UCRVG0PAR4","冰淇淋(巧克力圣代)","173","4.8","29"
"UCRVG0PAR4","冰砖","153","6.8","20"
"UCRVG0PAR4","不二家 雪糕巧克力","556.52","35.43","53.26"
"UCRVG0PAR4","布利斯 巧克力冰激凌","212.21","10.61","25.76"
"UCRVG0PAR4","大桥道 优酷 香草巧克力口味雪糕","201.96","9.2","25.5"
"UCRVG0PAR4","大雪糕","74","0.9","14.3"
"UCRVG0PAR4","德氏 麦狗","188.1","4.6","35"
"UCRVG0PAR4","蒂兰圣雪 香草巧克力口味冰淇淋","331.5","24.4","17.7"
"UCRVG0PAR4","东鲁 老北京牛奶口味冰棍","76","3.1","11.7"
"UCRVG0PAR4","福康 火炬(香蕉味)","242.11","11.2","31.8"
"UCRVG0PAR4","富康放学乐雪糕","140.54","3.9","24.8"
"UCRVG0PAR4","格力高 牛奶味冰淇淋","168.06","5.21","26.49"
"UCRVG0PAR4","格林小神童甜筒(香芋味)","220.12","9.8","30.5"
"UCRVG0PAR4","贯香园 心心冰淇淋","217.02","5.3","35.6"
"UCRVG0PAR4","光明牌 香奶杯雪糕","173.04","8","24"
"UCRVG0PAR4","果然好 找茶绿豆口味冰棍","98.71","0","21.9"
"UCRVG0PAR4","哈根达斯 夏威夷果仁冰淇淋","301.86","23.6","19.1"
"UCRVG0PAR4","呵哆 爆香冰淇淋","211.97","4.2","39.7"
"UCRVG0PAR4","和路雪 -迷你可爱多(香草)","343","20","35.5"
"UCRVG0PAR4","和路雪 可爱多","334.37","19.2","36.5"
"UCRVG0PAR4","和路雪 迷你可爱多(草莓味)","280.85","13","37.5"
"UCRVG0PAR4","和路雪 迷你乐雪球巧克力冰淇淋","319.55","18.9","33.8"
"UCRVG0PAR4","和路雪 迷你乐雪球香草冰淇淋","320.27","20.9","28.6"
"UCRVG0PAR4","和路雪 迷你千层雪香草口味冰淇淋","239.3","14.88","23.75"
"UCRVG0PAR4","和路雪巧克力脆享经典","346.8","26.3","24.2"
"UCRVG0PAR4","宏宝莱 宏宝来 干脆麦片巧克力口味雪糕","373.09","30.3","24.4"
"UCRVG0PAR4","宏宝莱 蜜香豆坊 红豆沙 红豆口味棒冰","101.34","2","18.6"
"UCRVG0PAR4","可爱多 非常香草口味冰淇淋松脆蛋筒","334.37","19.2","36.5"
"UCRVG0PAR4","可爱多 蓝莓芝士蛋糕口味冰淇淋","289.23","13.33","39.71"
"UCRVG0PAR4","老中街 冰棍","77.68","1.3","15.8"
"UCRVG0PAR4","乐天 三冈传统红豆冰淇淋","167.3","1.86","35.71"
"UCRVG0PAR4","龙旺 经典酸溜溜 橙味夹心雪糕","79.59","0","19.6"
"UCRVG0PAR4","龙旺 绿色之恋 绿豆口味+糖纳红豆 棒冰","111.38","1.2","23.1"
"UCRVG0PAR4","龙旺 芒点冰葩 芒果口味雪泥","86.04","0","21.2"
"UCRVG0PAR4","龙旺 香草味雪糕","165.15","7","24.3"
"UCRVG0PAR4","龙旺 QQ杯 牛奶巧克力口味雪糕","164.91","7.8","22.1"
"UCRVG0PAR4","罗格 雪糕","169.46","4.5","29.4"
"UCRVG0PAR4","麦当劳 奥利奥麦旋风","283.6","9.2","44.5"
"UCRVG0PAR4","美登高 双把雪糕","100.86","2.7","16.2"
"UCRVG0PAR4","美伦 巧丽滋香芋脆皮雪糕","273.66","17.4","21.3"
"UCRVG0PAR4","美伦 雪米滋雪糕(香草口味)","145.8","5.33","31"
"UCRVG0PAR4","美怡乐 蓝冰c 柠檬苏打雪糕","104.68","2.8","19.5"
"UCRVG0PAR4","美怡乐 美脆雪糕","271.27","19.8","25"
"UCRVG0PAR4","美怡乐 一口奶 香草味冰淇淋","158.46","7.3","20.6"
"UCRVG0PAR4","蒙牛 酷爱纯脆 麦片脆皮雪糕","244.26","17.5","20.2"
"UCRVG0PAR4","蒙牛 奶棒 蜜瓜雪糕","217.5","12.6","23.5"
"UCRVG0PAR4","蒙牛 奶油雪糕","135.76","5.2","21.3"
"UCRVG0PAR4","蒙牛 优牧之选 切达奶酪雪糕","245.94","15.3","21.5"
"UCRVG0PAR4","蒙牛酸酸乳冰粒酸奶芒果味雪糕","166.59","11.9","13.8"
"UCRVG0PAR4","蒙牛优牧之选 老酸奶口味雪糕","337.59","20.18","29.64"
"UCRVG0PAR4","梦龙 香草口味巧克力酱冰淇淋","317.06","20.47","29.53"
"UCRVG0PAR4","明治 牛奶巧克力脆皮雪糕","286.81","18.1","27.3"
"UCRVG0PAR4","明治 乳燕风情雪糕","161.62","5.1","25.7"
"UCRVG0PAR4","企鸟 赤豆王棒冰","102.06","0.1","22.7"
"UCRVG0PAR4","启梦加能手打实料冰淇淋","240","9","31.6"
"UCRVG0PAR4","雀巢 圣代(草莓香草味)","188.34","7.9","27"
"UCRVG0PAR4","雀巢 雪糕(香草味)","171.85","7.4","24.7"
"UCRVG0PAR4","雀巢 雪糕(香芋味)","171.85","7.4","24.7"
"UCRVG0PAR4","上口爱 拉花(组合型雪糕)","245.29","11.68","32.63"
"UCRVG0PAR4","双棒雪糕","137","3.6","23.9"
"UCRVG0PAR4","斯诺雪山 夏威夷果仁冰淇凌","208.41","12.4","16.9"
"UCRVG0PAR4","斯诺雪山香草味冰淇淋","222.28","13.2","17.9"
"UCRVG0PAR4","天冰 老庙会 奶油口味雪糕","122.85","4.3","19.7"
"UCRVG0PAR4","天冰 水果爱","127.65","4.4","21"
"UCRVG0PAR4","五丰泰国米仁","136.67","5","21.67"
"UCRVG0PAR4","五丰泰国米仁口味雪糕","127.76","4.91","20"
"UCRVG0PAR4","欣晨 香芋脆皮雪糕","164.44","10.1","17"
"UCRVG0PAR4","雪贝老冰棍","63.81","0.69","13.95"
"UCRVG0PAR4","雪糕(百乐宝)","147","6.2","20.1"
"UCRVG0PAR4","雅米熊猫 迷你果冻棒(草莓+青苹果味)","99","0","24"
"UCRVG0PAR4","雅米熊猫 迷你果冻棒(葡萄味)","99.43","0","24"
"UCRVG0PAR4","雅米熊猫 迷你果冻棒(水蜜桃味)","99.43","0","24"
"UCRVG0PAR4","伊利 佰豆集牛奶蜜豆雪糕","179.02","8.2","24.2"
"UCRVG0PAR4","伊利 克力棒雪糕(浓香巧克力口味)","182.84","9.6","23"
"UCRVG0PAR4","伊利 老冰棍棒冰","48.76","0","12.5"
"UCRVG0PAR4","伊利 蜜瓜仙子雪糕","162.52","8.9","19.6"
"UCRVG0PAR4","伊利 奶醇奶油棒冰","119.74","5.4","16.8"
"UCRVG0PAR4","伊利 意品 香草籽冰淇淋","212.24","12.7","21.2"
"UCRVG0PAR4","伊利榴莲雪糕","190.97","11.2","20.9"
"UCRVG0PAR4","伊利牧场 小布丁 奶油口味雪糕","170.17","10","19.1"
"UCRVG0PAR4","伊利舔一舔(牛奶味冰淇淋)","184.75","7.7","25.7"
"UCRVG0PAR4","祐康 果真多 菠萝果粒雪糕","106.3","2.8","20.1"
"UCRVG0PAR4","臻我瑞士巧克力口味脆皮冰淇淋","302.04","18.75","29.88"
"UCRVG0PAR4","中街1946 中街牧场奶砖","180.93","8.9","23.7"
"UCRVG0PAR4","BenJerry冰淇淋(曲奇饼干面团味)","250","14","27"
"UCRVG0PAR4","DQ冰雪皇后地动心摇","250","8.88","38.49"
"UCRVG0PAR4","Firenzi翡冷翠 Firenzi 翡冷翠 热带椰风冰淇淋","200.53","13.2","18.8"
"UCRVG0PAR4","Firenzi翡冷翠 Firenzi 翡冷翠 香芒幽梦雪泥","117.11","0","28.3"
"W0DF1F7CYK","北方绿人 老北京动物饼干","330","5.4","76.4"
"W0DF1F7CYK","饼干","435","12.7","71.7"
"W0DF1F7CYK","饼干(夹心)","449","15.9","75.3"
"W0DF1F7CYK","饼干(苏打夹心)","463","19.3","69.8"
"W0DF1F7CYK","饼干(甜酥夹心)","557","35.1","55.6"
"W0DF1F7CYK","菠萝豆","392","2.1","82.9"
"W0DF1F7CYK","脆美司 蔬菜味棒饼","500","21.88","68.75"
"W0DF1F7CYK","达利园 高纤煎麸饼","510.76","34","42"
"W0DF1F7CYK","达能 3层高钙梳打(海苔味发酵饼干)","466.06","20","61"
"W0DF1F7CYK","达能 佳钙牛奶咸饼干","458.89","16","70"
"W0DF1F7CYK","大润发 巧克派(巧克力味注芯蛋糕)","365","9","64.1"
"W0DF1F7CYK","蛋糕(巧克力)","437","30.4","40.2"
"W0DF1F7CYK","蛋糕(水果)","347","9.1","61.6"
"W0DF1F7CYK","迪士尼 智力饼干","430","8.92","79.3"
"W0DF1F7CYK","福来酥","470","21.4","64.2"
"W0DF1F7CYK","钙奶饼干","446","13.2","73.9"
"W0DF1F7CYK","高蛋白饼干","451","16.2","66"
"W0DF1F7CYK","宫廷蛋糕","335","3.4","69.2"
"W0DF1F7CYK","锅巴(小米)","554","36.9","54.6"
"W0DF1F7CYK","好丽友 蛋黄派[注心蛋黄派]","447.87","26.09","47.39"
"W0DF1F7CYK","好丽友 熊猫派派(巧克力味注心)","470.93","5.19","48.52"
"W0DF1F7CYK","和记饼业 盲公饼","437.5","14.06","75"
"W0DF1F7CYK","糊涂机长 鸡蛋沙琪玛","350","20.2","34.8"
"W0DF1F7CYK","皇室 优醇纯牛奶饼干","497.13","23.1","65.1"
"W0DF1F7CYK","混糖糕点","455","16.3","69.5"
"W0DF1F7CYK","吉百利 巧克力饼干","495","24.4","62.3"
"W0DF1F7CYK","夹心酥饼","482","24.7","59.7"
"W0DF1F7CYK","嘉顿 手指饼干巧克力味","430.7","9.4","76.9"
"W0DF1F7CYK","煎芋头糕","110.5","2.5","20"
"W0DF1F7CYK","江米条","440","11.7","78.1"
"W0DF1F7CYK","金必氏 愉快动物饼-奶油味","512.19","24.7","60.2"
"W0DF1F7CYK","京都 草莓味蛋糕卷","451.85","22.55","56.95"
"W0DF1F7CYK","卡夫 奥利奥饼干(花生＆巧克力味)","483.99","22.3","67.4"
"W0DF1F7CYK","卡夫 达能佳钙牛奶咸味韧性饼干(奶盐口味)100G","458.89","16","70"
"W0DF1F7CYK","卡夫 达能甜趣韧性饼干(清甜原味)","489.96","21","66"
"W0DF1F7CYK","卡夫 趣多多巧克力曲奇饼(咖啡味)","502.39","24.5","66.3"
"W0DF1F7CYK","卡夫 优冠酸奶夹心饼干(纯正酸奶味)345G","479.92","25.5","54.3"
"W0DF1F7CYK","康师傅 蛋黄也酥酥蛋黄饼干(原味)","485.66","20","67"
"W0DF1F7CYK","可拉奥 杂粮甜饼干","546.45","27.32","60.11"
"W0DF1F7CYK","可瑞安奶油夹心饼","546.88","31.25","59.38"
"W0DF1F7CYK","肯德基 薯条","298","15.5","40.5"
"W0DF1F7CYK","莱克塞斯 瑞典脆薄饼干","316.44","2.2","62.7"
"W0DF1F7CYK","乐天 蛋黄派","454.55","27.27","54.55"
"W0DF1F7CYK","利扬营养动力饼干(芝麻味)","471.32","20.6","67.8"
"W0DF1F7CYK","栗入どら焼(和菓子)","287","4","55.4"
"W0DF1F7CYK","栗羊羹","302","0.6","70.9"
"W0DF1F7CYK","绿豆糕","351","1","73.4"
"W0DF1F7CYK","伦敦 草莓瑞士卷","422.73","19.55","55"
"W0DF1F7CYK","伦敦 蓝莓瑞士卷","422.5","19.5","55"
"W0DF1F7CYK","麻烘糕","398","3.8","87.2"
"W0DF1F7CYK","麦当劳 脆薯饼","308","20.19","27.55"
"W0DF1F7CYK","麦当劳 香芋派","279.66","15.52","31.49"
"W0DF1F7CYK","美味香酥卷","368","3.6","76.7"
"W0DF1F7CYK","米老头 农夫小舍麦通(芝麻味)","446","14","76"
"W0DF1F7CYK","面窝","291","10.7","44"
"W0DF1F7CYK","奶油饼干","431","13.1","70.2"
"W0DF1F7CYK","品味本铺—小熊饼(草莓口味)","469.2","28","50.6"
"W0DF1F7CYK","起酥","500","31.7","45.1"
"W0DF1F7CYK","青食 字母饼干","382.4","10","65"
"W0DF1F7CYK","曲奇饼","546","31.6","59.1"
"W0DF1F7CYK","趣多多 香脆曲奇巧克力味","488.77","24.5","60.5"
"W0DF1F7CYK","上好佳 可可甜心","478.81","22.33","57.67"
"W0DF1F7CYK","上好佳 薯条番茄味","413.33","17.33","56.67"
"W0DF1F7CYK","上好佳 粟米条(草莓口味)","454.1","13.33","76.67"
"W0DF1F7CYK","上好佳 早茶心情肉松味","470.03","16.67","66.67"
"W0DF1F7CYK","十月初五 麦稣杏仁条","558.32","34.7","54.4"
"W0DF1F7CYK","十月初五素肉凤凰卷","499.53","23.33","66.67"
"W0DF1F7CYK","十月初五椰蓉酥","532.97","30","60"
"W0DF1F7CYK","顺旺 大红枣饼干","520.1","26.1","62.5"
"W0DF1F7CYK","思朗 纤麸高纤消化饼","477.53","21.2","58.2"
"W0DF1F7CYK","思朗 纤麸高纤消化饼干 380g(2片*20包)","475.86","23.2","59.1"
"W0DF1F7CYK","思朗 纤麸消化饼低糖蔬菜","504.1","24.1","63.4"
"W0DF1F7CYK","四洲 紫菜麦饼干","451.96","12","73.8"
"W0DF1F7CYK","苏打饼干","408","7.7","76.2"
"W0DF1F7CYK","台湾精益珍芝麻味沙琪玛","426.09","19.13","31.3"
"W0DF1F7CYK","桃酥","483","21.8","65.1"
"W0DF1F7CYK","旺旺 雪饼(香辣味)","400","1.67","86.67"
"W0DF1F7CYK","维夫饼干","529","35.2","48"
"W0DF1F7CYK","维格饼家凤梨酥","394","14","54.6"
"W0DF1F7CYK","沃尔玛 苹果派","281.55","15.53","34.95"
"W0DF1F7CYK","西式蛋糕","316","3.4","63.8"
"W0DF1F7CYK","熊出没曲奇饼奶油味","497","24.2","59.6"
"W0DF1F7CYK","熊出没手工蛋卷","559","36","53.8"
"W0DF1F7CYK","雪米饼","463","17.6","76.4"
"W0DF1F7CYK","压缩饼干","460","17.8","67.6"
"W0DF1F7CYK","一品味 精选柿饼","312","0.5","75.3"
"W0DF1F7CYK","宜家 黑麦薄脆饼干","322.66","2.7","60"
"W0DF1F7CYK","御珍果凤梨酥","346","14.4","50"
"W0DF1F7CYK","原野屋合桃燕麦素饼","460","15","70"
"W0DF1F7CYK","月饼(豆沙)","411","13.6","65.6"
"W0DF1F7CYK","月饼(唐王赏月)","418","18.4","57.8"
"W0DF1F7CYK","早茶饼","440","14.5","75.2"
"W0DF1F7CYK","长鼻王 铜板烧香芋味","289.2","8.3","50"
"W0DF1F7CYK","长鼻王 铜版烧(枣蓉夹心蛋糕)","274.86","9.3","43"
"W0DF1F7CYK","蒸萝卜糕","86","3.6","11"
"W0DF1F7CYK","蒸薯坊番茄味韧性饼干","502.87","23.4","65.7"
"W0DF1F7CYK","Aji手烧煎饼海苔味","468","23","46"
"W0DF1F7CYK","Alfort 巧克力饼干","544.44","30.63","61.43"
"W0DF1F7CYK","BOORBON牛油曲奇饼干","520","27","63"
"W0DF1F7CYK","EDO PACK EDO芝士饼","476","16","68"
"WXK3SBRR7P","【明治 】醇壹鲜牛乳","67.16","3.7","5"
"WXK3SBRR7P","阿斯达 全脂牛奶","64.77","3.6","4.7"
"WXK3SBRR7P","阿新 零脂肪脱脂鲜牛奶","32.5","0","5.1"
"WXK3SBRR7P","爱凯滋 脱脂纯牛奶","33.46","0","4.8"
"WXK3SBRR7P","安格莱 脱脂灭菌乳","35.61","0","4.9"
"WXK3SBRR7P","安佳 99.9%脱脂牛奶","33.46","0.1","4.9"
"WXK3SBRR7P","安佳 超级脱脂奶(99.9%脱脂)","36","0.1","4.8"
"WXK3SBRR7P","安佳 TRIMMILK","36.5","0.1","5"
"WXK3SBRR7P","百富露鲜水牛奶 (袋装)","58.56","3.8","3"
"WXK3SBRR7P","宝莱 高钙低脂牛奶","47.2","1.4","5"
"WXK3SBRR7P","宝力精 草莓牛奶乳饮品","29.64","0.6","5"
"WXK3SBRR7P","保利 脱脂牛奶","36","0","5.2"
"WXK3SBRR7P","晨光 果优良乳(椰果+草莓酸牛乳)","96.56","3.7","13"
"WXK3SBRR7P","大乘 鲜牛奶","60.95","3.3","4.7"
"WXK3SBRR7P","德拉 米尔脱脂纯牛奶","34.66","0","4.7"
"WXK3SBRR7P","迪卡 全脂牛奶","64.29","3.6","4.8"
"WXK3SBRR7P","多鲜牧场奶","64.29","3.5","5.2"
"WXK3SBRR7P","飞鹤 牧场 纯牛奶","69.55","4","5"
"WXK3SBRR7P","风行牛奶 风行高钙牛奶","62.86","2.5","7.8"
"WXK3SBRR7P","高原之宝 高钙奶","68.83","2.8","4.6"
"WXK3SBRR7P","古城金牌纯牛奶","65.97","3.6","5.3"
"WXK3SBRR7P","广泽 核桃牛奶","56.64","2.6","6.2"
"WXK3SBRR7P","国农 调味牛乳(香蕉荔枝)","65","2.2","9.6"
"WXK3SBRR7P","海河大红枣牛奶","69.31","2.5","8"
"WXK3SBRR7P","好沃德 冰咖啡牛奶","52.34","1.1","7.8"
"WXK3SBRR7P","好一多 天然纯鲜奶","59.99","3.3","4.7"
"WXK3SBRR7P","花花牛 特滋香蕉牛奶","72.18","2.8","9.1"
"WXK3SBRR7P","辉山 杰茜牧场低脂牛奶","45.17","1.3","4.7"
"WXK3SBRR7P","佳明佳玉米早餐奶","182.2","1.8","38.5"
"WXK3SBRR7P","健成 精品黑牛奶","23.66","0.5","3.9"
"WXK3SBRR7P","晶磨 CHEER滋味低脂牛奶","50","2","5"
"WXK3SBRR7P","九牛寨 纯牛奶","58.3","3.1","4.5"
"WXK3SBRR7P","卡夫 牛奶(草莓味， 牌)","79","3","10.3"
"WXK3SBRR7P","康小乐鲜牛奶","57.8","3.1","4.6"
"WXK3SBRR7P","快鹿 鲜AD一品奶","57.36","3.1","4.5"
"WXK3SBRR7P","葵花牛 2%低脂牛奶","57.36","1","5"
"WXK3SBRR7P","葵花牛 2%减脂巧克力牛奶","82.93","1","8.5"
"WXK3SBRR7P","兰翠思 丝语香浓 妙香乳饮料","33.46","1.4","4.5"
"WXK3SBRR7P","兰特 低脂牛奶","46","1.5","4.8"
"WXK3SBRR7P","兰特 全脂牛奶","64.05","3.6","4.8"
"WXK3SBRR7P","龙丹 牛奶(牌)","66","3.8","5.1"
"WXK3SBRR7P","蒙牛 未来星 儿童成长核桃牛奶","67.64","3","7.7"
"WXK3SBRR7P","蒙牛 未来星 儿童成长有机奶","66.68","3.9","4.8"
"WXK3SBRR7P","蒙牛 现代牧场鲜牛奶(盒装)","67","3.8","5"
"WXK3SBRR7P","蒙牛 香蕉有机牛奶","84.85","3.6","9.2"
"WXK3SBRR7P","蒙牛 早餐奶(麦香)","50.96","1.72","7.4"
"WXK3SBRR7P","蒙牛 早餐奶(原麦调制牛奶百利包)","60.71","3","6"
"WXK3SBRR7P","明治 脱脂牛奶","41","0.1","6.9"
"WXK3SBRR7P","奶牛梦工场 奶牛梦工厂紫谷奶饮品","50.96","1.32","8.2"
"WXK3SBRR7P","牛奶","65","3.6","4.9"
"WXK3SBRR7P","牛奶(强化VA，VD)","51","2","5.6"
"WXK3SBRR7P","纽麦福 脱脂高钙奶","33.7","0","4.9"
"WXK3SBRR7P","纽西兰 新西兰部分脱脂纯牛奶","46.7","1.5","4.8"
"WXK3SBRR7P","欧亚 纯牛奶","62.86","3.5","4.8"
"WXK3SBRR7P","雀巢 全仕奶(巧克力味)","72","2.3","10.5"
"WXK3SBRR7P","雀巢 脱脂纯牛奶","32.27","0.3","4.6"
"WXK3SBRR7P","萨尔茨堡 全脂牛奶","64","3.52","4.8"
"WXK3SBRR7P","山花 1953鲜牛奶(低乳糖)","65.01","3.5","5.1"
"WXK3SBRR7P","山花 特浓牛奶","65.01","3.5","5.1"
"WXK3SBRR7P","石埠 红枣花生奶","17.21","0.8","1.8"
"WXK3SBRR7P","寿尔 巧克力牛奶饮料","67.29","1.42","11.15"
"WXK3SBRR7P","双榕树 香草牛奶","73.61","1.6","12"
"WXK3SBRR7P","台湾省农会 巧克力牛乳","69.07","2.1","10.6"
"WXK3SBRR7P","天润 盖瑞 小小盖瑞 儿童牛奶","79.83","3.1","10"
"WXK3SBRR7P","天友 百特(红百特)","69.55","3.4","7"
"WXK3SBRR7P","天友 铁锌钙牛奶","62.14","3","5.6"
"WXK3SBRR7P","天友百特(紫百特)","67","3.2","6.5"
"WXK3SBRR7P","田园 脱脂牛奶","44","0.15","5"
"WXK3SBRR7P","跳跳龙 好养道 核桃牛奶","43.02","1.2","6"
"WXK3SBRR7P","完达山 早餐奶","60","3","5.2"
"WXK3SBRR7P","维芬堡 低脂纯牛奶","46.61","1.5","4.8"
"WXK3SBRR7P","维记纯牛奶","65.01","3.6","4.2"
"WXK3SBRR7P","喜乐牛 全脂有机牛奶","65.97","3.6","5.1"
"WXK3SBRR7P","夏进 枸杞红枣奶","57.6","2.7","6"
"WXK3SBRR7P","夏进 枸杞养生奶","58.08","2.7","6"
"WXK3SBRR7P","夏进 核桃牛奶","58.08","2.7","6"
"WXK3SBRR7P","现代牧业 纯牛奶","70.75","3.8","5.5"
"WXK3SBRR7P","新农纯牛奶","58.8","3.1","4.8"
"WXK3SBRR7P","新希望 华西 芒果牛奶","75.05","2.8","10"
"WXK3SBRR7P","新希望木瓜牛奶","77.68","2.9","10.5"
"WXK3SBRR7P","延世 牧场牛奶220ML","68.12","2","10"
"WXK3SBRR7P","燕塘 鲜牛奶","62.38","3.6","4.5"
"WXK3SBRR7P","壮氏水牛奶","61.42","3.4","4.5"
"WXK3SBRR7P","卓德 甜点牛奶(香草口味)","184.03","13.4","13.5"
"WXK3SBRR7P","子母 弗里生乳牛香蕉奶","52.58","2.6","5"
"WXK3SBRR7P","子母 巧克力奶","56.64","2.6","6"
"WXK3SBRR7P","紫鸢鲜牛奶","57.84","3.1","4.6"
"WXK3SBRR7P","a2艾尔 a2/艾尔 澳洲全脂纯牛奶","64.72","3.6","5"
"WXK3SBRR7P","Baren Marke Bären Marke 低脂牛奶","50","1.8","4.9"
"WXK3SBRR7P","First Choice 首选牌  首选牌低脂高钙牛奶","61","1.5","7"
"WXK3SBRR7P","Fred+Chole 德乐怡  德乐怡低脂牛奶","45.89","1.5","4.8"
"WXK3SBRR7P","Fred+Chole 德乐怡 全脂牛奶","64.05","3.5","4.7"
"WXK3SBRR7P","Garelick Milk(fat free)","37.5","0","5.42"
"WXK3SBRR7P","Germil德尔宝 Germil 德尔宝 纯牛奶(3.8%脂肪含量)","66","3.8","4.8"
"WXK3SBRR7P","Organic Valley 美国有机谷部分脱脂有机纯牛奶","54.17","2.08","5"
"WXK3SBRR7P","PURA tone no fat milk","39.2","0.1","5.4"
"WXK3SBRR7P","SK低脂牛奶","38.3","0.2","5.8"
"WXK3SBRR7P","Vinamilk寿星公 Vinamilk/寿星公 纯牛奶","60","3.2","4.7"
"WXK3SBRR7P","Vinamilk寿星公 Vinamilk/寿星公 甜牛奶","75.2","3.2","8.6"
"WXK3SBRR7P","Yonsei Milk 延世牧场 香蕉味牛奶饮料","72.66","3","11"
"WXOXSSCOTT","39°N农场鲍鱼果","314.77","31.89","3.89"
"WXOXSSCOTT","佰斯纳特象牙松子","651.77","55.5","26.3"
"WXOXSSCOTT","贝克兰 原粒大榛子","656.47","63.33","6"
"WXOXSSCOTT","炒花生","601","48","23.8"
"WXOXSSCOTT","厨之选 扁桃仁片","649.14","57.6","8.3"
"WXOXSSCOTT","厨之选 南瓜子仁","577.44","44.1","7.2"
"WXOXSSCOTT","厨之选 整粒扁桃仁(带衣)","606.6","48.6","17.6"
"WXOXSSCOTT","大象 山 综合坚果","655","54.3","24.3"
"WXOXSSCOTT","第二自然 什锦干果果仁","499.52","28.6","50"
"WXOXSSCOTT","逗妮开心 炭烧腰果","594.17","44.4","29.5"
"WXOXSSCOTT","凤凰山庄 壳杏仁","466.78","17.9","53.8"
"WXOXSSCOTT","果园老农椒盐核桃仁","571.22","42","28.7"
"WXOXSSCOTT","好想你 新疆核桃","693.59","66.2","8"
"WXOXSSCOTT","和田 薄皮核桃","630.98","59.9","4.9"
"WXOXSSCOTT","核桃(干)","646","58.8","19.1"
"WXOXSSCOTT","恒康食品 手剥山核桃","635.76","55","25"
"WXOXSSCOTT","花生米(炒)","589","44.4","25.7"
"WXOXSSCOTT","花生米(油炸)","583","47.1","26.2"
"WXOXSSCOTT","华祥苑 绿茶腰果","568.59","40","29.5"
"WXOXSSCOTT","荟食 扁桃仁","595.12","52.1","21.2"
"WXOXSSCOTT","吉元 白瓜子仁","595.84","44.2","15"
"WXOXSSCOTT","金百岁农庄椒盐巴旦木","616.63","52","16.1"
"WXOXSSCOTT","开心果","631","53","21.9"
"WXOXSSCOTT","口口福 巴旦木仁","418.26","7.2","62.1"
"WXOXSSCOTT","口口福 吊瓜子","645.79","57.2","5.3"
"WXOXSSCOTT","口口福 黑金刚瓜子","605.16","50.2","6.5"
"WXOXSSCOTT","口口福 话梅瓜子","559.03","49.9","4"
"WXOXSSCOTT","口口福 开口榛子","665.39","58.6","20"
"WXOXSSCOTT","口口福 奶油巴旦木","418.26","7.2","62.1"
"WXOXSSCOTT","口口福 山核桃仁","628.59","53","28"
"WXOXSSCOTT","口口福 手剥松子","530.11","40.4","40.3"
"WXOXSSCOTT","口口福 盐炒瓜子","516.25","36.2","21.6"
"WXOXSSCOTT","口口福 盐焗腰果","548.76","34.4","36.4"
"WXOXSSCOTT","口水镇笑口巴旦木(奶香味)","607.79","50.1","14.5"
"WXOXSSCOTT","葵花子(炒)","625","52.8","17.3"
"WXOXSSCOTT","来伊份 夏威夷果仁","659.89","58.9","27.1"
"WXOXSSCOTT","蓝钻石 扁桃仁(蜂蜜芥末)","624.82","53.57","10.71"
"WXOXSSCOTT","蓝钻石 蓝钻烟熏墨西哥辣椒味杏仁","607.14","53.57","17.86"
"WXOXSSCOTT","朗源 盐焗开心果","577.2","45.6","14.6"
"WXOXSSCOTT","老顽童 核桃(盐焗)","600.62","49.8","22"
"WXOXSSCOTT","老顽童 笑口榛子","563.34","46.6","18.8"
"WXOXSSCOTT","老闫家 南瓜子","509.08","33.5","10.2"
"WXOXSSCOTT","乐合 琥珀核桃仁","670.65","58.4","24.1"
"WXOXSSCOTT","林立行 台湾 纯杏仁粉","158.6","57.5","17.6"
"WXOXSSCOTT","楼兰蜜语巴西松子","527.5","35.2","34.3"
"WXOXSSCOTT","萝芙森 榛子","648.9","62.8","5.8"
"WXOXSSCOTT","骆驼 原味烤腰果","549.7","44.2","19.1"
"WXOXSSCOTT","骆驼 原味综合坚果","474","26.5","47.8"
"WXOXSSCOTT","曼曼de爱 长兴吊瓜子(奶油味)","567","44.7","5.6"
"WXOXSSCOTT","妙士得杏仁宝宝","636.71","50.5","20.7"
"WXOXSSCOTT","莫纳罗 莫纳多烘焙夏威夷果(椒盐味)","750","75","14.29"
"WXOXSSCOTT","莫纳罗 咸味烘培夏威夷果","751.43","75.1","13.7"
"WXOXSSCOTT","南瓜子仁","576","48.1","4.9"
"WXOXSSCOTT","南农杂粮 南农 有机白花生","297.8","25.4","5.2"
"WXOXSSCOTT","南农杂粮 南农 有机黑花生","312.62","24.2","5.2"
"WXOXSSCOTT","南农杂粮 南农 有机黑芝麻","531.07","46.1","24"
"WXOXSSCOTT","飘零大叔 巴旦木","590.34","48.4","16.3"
"WXOXSSCOTT","飘零大叔 原味瓜子仁","571.22","36.4","50.9"
"WXOXSSCOTT","全福元 黑瓜子","342.73","23","10.4"
"WXOXSSCOTT","全福元 松子","619.02","58.5","24.1"
"WXOXSSCOTT","如水 大榛子 盒装210g","661.09","56.6","24.2"
"WXOXSSCOTT","三杨 椰浆腰果","577","44.6","21.8"
"WXOXSSCOTT","三只松鼠 巴旦木","561.65","45.1","6.9"
"WXOXSSCOTT","三只松鼠 手剥巴旦木","597.28","52.8","19.3"
"WXOXSSCOTT","三只松鼠 脱衣核桃仁","534.66","56.1","2.3"
"WXOXSSCOTT","森林家族 夏威夷果","552","33.2","55"
"WXOXSSCOTT","山核桃","616","50.4","26.2"
"WXOXSSCOTT","山核桃(熟)","658","64.5","21.3"
"WXOXSSCOTT","时怡 中粮优选新疆核桃","697.18","65.8","10.3"
"WXOXSSCOTT","松子仁","718","70.6","12.2"
"WXOXSSCOTT","陶陶居 陶果果 碧根果","704.35","68.9","5.8"
"WXOXSSCOTT","陶陶居 陶果果 腰果仁","600.14","48.2","21.1"
"WXOXSSCOTT","淘滋源小核桃仁","618.07","64.5","21.3"
"WXOXSSCOTT","天喔美国扁桃仁","624.28","55.5","3.9"
"WXOXSSCOTT","田园7号 巴旦木杏仁","597.28","52.8","19.3"
"WXOXSSCOTT","喜乐果 营养原味腰果","602.06","43.7","30.6"
"WXOXSSCOTT","香榧(熟)","644","57","26.9"
"WXOXSSCOTT","香楠 炭烧腰果","559.03","36.7","41.6"
"WXOXSSCOTT","小核桃仁","592.73","49.4","28.6"
"WXOXSSCOTT","新农哥松子(原味)","689.53","66.5","5.7"
"WXOXSSCOTT","星冠 蜂蜜烤腰果","613.77","46.4","32.1"
"WXOXSSCOTT","星冠 烟熏扁桃仁","616.4","50","17.9"
"WXOXSSCOTT","星冠 盐焗扁桃仁","682.12","60.7","14.3"
"WXOXSSCOTT","杏仁(炒)","618","51","18.7"
"WXOXSSCOTT","杏仁(烤干，不加盐)","617","52.8","19.3"
"WXOXSSCOTT","腰果","559","36.7","41.6"
"WXOXSSCOTT","腰果(熟)","615","50.9","20.4"
"WXOXSSCOTT","姚太太 扁桃仁","598.47","52.1","17"
"WXOXSSCOTT","悠享佳 天然原味红松仁","673.52","68.4","13.1"
"WXOXSSCOTT","悠享佳 腰果仁(原味焙烤)","553.3","43.8","32.7"
"WXOXSSCOTT","榛子","561","44.8","24.3"
"WXOXSSCOTT","知味轩 土耳其榛子仁","693.83","63.9","15.7"
"WXOXSSCOTT","自然时记 混合坚果","466","24.4","42"
"WXOXSSCOTT","ALESTO 咸味腰果","620","49.2","25.2"
"WXOXSSCOTT","Deluxe 芥末风味杏仁","639","54.6","14.3"
"WXOXSSCOTT","Deluxe 经典咸味杏仁","644","55.7","12.8"
"WXOXSSCOTT","ETA蜂蜜味烤花生","603.5","42.5","31.25"
"WXOXSSCOTT","MARYLAND玛丽兰 盐焗混合果仁","597","48.4","12.6"
"WXOXSSCOTT","Mother earth 烧烤风味园艺腰果","552.6","46","25.6"
"WXOXSSCOTT","Nature's 混合坚果","630","56","11.67"
"YRW7UJVW9L","爱慕 无糖纯黑巧克力","464.87","37.3","42.1"
"YRW7UJVW9L","爱思 比利时黑巧克力","544","48.4","17.4"
"YRW7UJVW9L","爱亿华香草夹心棉花糖","348","1.2","80.3"
"YRW7UJVW9L","奥赛山楂饴","320.27","0.06","77.98"
"YRW7UJVW9L","爆米花","406","13.4","70.4"
"YRW7UJVW9L","北田 99能量棒(南瓜夹心味)","524","33.9","51.5"
"YRW7UJVW9L","波力鲜之菇辣味","283","8.3","20.9"
"YRW7UJVW9L","不二家 巧克力夹心糖","423.28","8.5","83.9"
"YRW7UJVW9L","彩虹果汁糖(酸劲味)","385.99","6","86.2"
"YRW7UJVW9L","蚕豆(炸)","447","20","40.4"
"YRW7UJVW9L","达利园 高纤粗粮饼","501.91","33","42"
"YRW7UJVW9L","德芙 草莓心型巧克力","552.82","33.1","58.7"
"YRW7UJVW9L","德芙 纯可可豆夹心巧克力","551.39","34.2","56"
"YRW7UJVW9L","德芙 牛奶巧克力","544.7","31.7","59.4"
"YRW7UJVW9L","德芙 牛奶巧克力和黑巧克力精巧装","543.26","32.1","59.5"
"YRW7UJVW9L","德芙 香浓黑巧克力","520.32","33.5","59.1"
"YRW7UJVW9L","德芙 心随清新蓝莓黑巧克力","541.59","32.2","59.4"
"YRW7UJVW9L","德芙 心随香浓黑巧克力","542.3","32.3","59.5"
"YRW7UJVW9L","德芙 心型巧克力-苹果味夹心巧克力","551.63","33","58.6"
"YRW7UJVW9L","德芙 心语礼盒装巧克力","555.69","33.9","57.3"
"YRW7UJVW9L","德芙 榛仁果粒巧克力","544.22","31.9","58.8"
"YRW7UJVW9L","多味山楂","249","1.9","61.8"
"YRW7UJVW9L","干桂圆","319","0.2","76.2"
"YRW7UJVW9L","怪味胡豆(零食)","403","12.1","69.6"
"YRW7UJVW9L","果冻(蒟蒻椰果冻)","109","0","27.8"
"YRW7UJVW9L","海苔","269.6","4.8","50.4"
"YRW7UJVW9L","汉波 山楂果肉泥","234.5","3.3","50.8"
"YRW7UJVW9L","汉波阿胶贡枣","322","2.1","72.46"
"YRW7UJVW9L","好口福泡椒凤爪","100","1.45","0"
"YRW7UJVW9L","好丽友 甜天麦","465.34","18.5","62.2"
"YRW7UJVW9L","荷氏 特强薄荷糖","388.15","0","97"
"YRW7UJVW9L","华元如果蒟蒻椰果果冻","89.87","0","23"
"YRW7UJVW9L","吉百利 荷氏柠檬香蜜薄荷糖","379.3","0","95"
"YRW7UJVW9L","吉百利 榛仁牛奶巧克力夹心","534.23","35","47"
"YRW7UJVW9L","佳乐 椰蓉","700","66","19.5"
"YRW7UJVW9L","佳梅 真之应子(袋装)","280.59","1","66"
"YRW7UJVW9L","家乐福 优质黑巧克力(72%)","532","40","34"
"YRW7UJVW9L","金糕","178","0.3","44"
"YRW7UJVW9L","金糕条","303","0.6","74.6"
"YRW7UJVW9L","金丝小枣","308","1.1","76.7"
"YRW7UJVW9L","晋禾 御制枣坊宫廷枣","325","0","80"
"YRW7UJVW9L","京都念慈菴 京都念慈庵枇杷糖","401.53","0.7","97.03"
"YRW7UJVW9L","克莉丝汀 蒟蒻果冻(蓝莓口味)","65.29","0","16.07"
"YRW7UJVW9L","克莉丝汀蒟蒻果冻(苹果口味)","74.8","0","18.28"
"YRW7UJVW9L","拉伦斯 黑巧(75%)","497","45.6","34"
"YRW7UJVW9L","乐陵枣","233","0.6","57.9"
"YRW7UJVW9L","乐事 薯片鲜浓番茄味","529.8","31","56"
"YRW7UJVW9L","乐事 心赏黑豆黑胡椒味","418.26","12.9","37.6"
"YRW7UJVW9L","乐天 米花","430","14","74"
"YRW7UJVW9L","龙虾片","342","0.1","85.5"
"YRW7UJVW9L","米饼(鸡蛋牛奶味)","536","29.9","63.2"
"YRW7UJVW9L","棉花糖","321","0","75.3"
"YRW7UJVW9L","明治 杏仁夹心巧克力","554.02","34.2","49.5"
"YRW7UJVW9L","明治 雪吻巧克力(黑巧克力)","582.22","46.6","36.3"
"YRW7UJVW9L","帕斯卡 牛奶巧克力布丁(甜点心)","101","1.6","18.4"
"YRW7UJVW9L","泡泡糖","360","0","89.8"
"YRW7UJVW9L","千趣 维生素软糖","351.34","0.8","82.7"
"YRW7UJVW9L","巧克力","589","40.1","53.4"
"YRW7UJVW9L","巧克力(充气)","543","32.8","54.9"
"YRW7UJVW9L","巧克力(维夫)","575","38.4","49.7"
"YRW7UJVW9L","青梅果脯","314","0.6","77.4"
"YRW7UJVW9L","屈臣氏优酪果冻","90","0","24"
"YRW7UJVW9L","日本北海道浓厚哈密瓜牛奶糖","139.47","8.16","77.89"
"YRW7UJVW9L","日清 香脆片香辣鸡味","470.36","18.1","69.3"
"YRW7UJVW9L","三角 蜂蜜奶油杏仁黑巧克力","499.52","30","50.5"
"YRW7UJVW9L","桑葚(干)","298","6.1","54.2"
"YRW7UJVW9L","森永 草莓牛奶糖","418","8.2","84"
"YRW7UJVW9L","森永 嗨啾水蜜桃味香口软糖","415.79","9.12","81.58"
"YRW7UJVW9L","森永 牛奶糖","424","8.4","84"
"YRW7UJVW9L","山内青芥辣豆","405","5.8","75.6"
"YRW7UJVW9L","上好佳 空心薯笛","446.67","14","71.67"
"YRW7UJVW9L","上好佳 玉米花(果仁奶油)","403.1","8.3","78.2"
"YRW7UJVW9L","上好佳 早茶心情全麦(肉松口味)","470.03","16.67","66.67"
"YRW7UJVW9L","水晶糖","395","0.2","98.3"
"YRW7UJVW9L","四洲什果味糖","391.97","0","97.6"
"YRW7UJVW9L","酥香兰花豆","419","13.6","61.7"
"YRW7UJVW9L","酸三色糖","397","0.4","98.4"
"YRW7UJVW9L","桃脯","315","0.4","77.6"
"YRW7UJVW9L","天喔 很牛牛肉粒(沙嗲)","293.5","4.7","32.9"
"YRW7UJVW9L","田园坊 美国加州汤姆逊无籽红提干","316","0.7","76.9"
"YRW7UJVW9L","旺旺厚烧海苔","454","15.8","70.6"
"YRW7UJVW9L","无花果(干)","361","4.3","77.8"
"YRW7UJVW9L","伍尔沃斯玉米片(芝士味)","511.33","24.24","66.06"
"YRW7UJVW9L","喜之郎 乳酸钙果汁果冻","69.31","0","17"
"YRW7UJVW9L","喜之郎 CICI果冻","108","0","27"
"YRW7UJVW9L","鲜桃果汁糖","397","0.2","98.8"
"YRW7UJVW9L","新家园 烤馍锅巴(比萨风味) 75g","400","14","60"
"YRW7UJVW9L","杏干","338","0.4","83.2"
"YRW7UJVW9L","野酸枣","326","0.5","79.6"
"YRW7UJVW9L","英佰瑞 72%黑巧克力","569","47.2","29.2"
"YRW7UJVW9L","悠哈 特浓牛奶糖(条装)","398.66","9.1","75.5"
"YRW7UJVW9L","长思 水晶阿胶蜜枣","327.7","0","78.7"
"YRW7UJVW9L","长思 水晶蜜枣","327.68","0.19","78.72"
"YRW7UJVW9L","cote d'or 70% 黑巧克力","590","49","30"
"YRW7UJVW9L","Green + Black's 绿与黑  Green and Blacks 有机85%黑巧克力","700","62.5","25"
"YRW7UJVW9L","M+M's 牛奶巧克力豆","497.85","21.4","72.3"
"YRW7UJVW9L","Skrttle's 彩虹果汁糖","414.2","4.7","91.7"
"YRW7UJVW9L","vinamit 芋头条","535.71","28.57","64.29"
"YRW7UJVW9L","Vinamit凤梨干","510.71","28.57","64.29"
"YRW7UJVW9L","Vinamit苹果干","346.43","3.57","82.14"
"YTJ3BXF4K7","爱之味鲔鱼片","290.36","20.55","7.64"
"YTJ3BXF4K7","鹌鹑","110","3.1","0.2"
"YTJ3BXF4K7","扒鸡","217","11","0"
"YTJ3BXF4K7","扒鸡(五香脱骨)","206","10.8","3.8"
"YTJ3BXF4K7","白姑鱼(鱼)","150","8.2","0"
"YTJ3BXF4K7","白条鱼","103","3.3","1.6"
"YTJ3BXF4K7","鲍鱼","69","0.1","9.5"
"YTJ3BXF4K7","比目鱼","107","2.3","0.5"
"YTJ3BXF4K7","鳊鱼","135","6.3","1.2"
"YTJ3BXF4K7","草鱼","113","5.2","0"
"YTJ3BXF4K7","蛏干","340","4.9","27.4"
"YTJ3BXF4K7","大江盐酥鸡","276.53","17.6","17.5"
"YTJ3BXF4K7","带鱼","127","4.9","3.1"
"YTJ3BXF4K7","带鱼(切段)","108","4.2","0"
"YTJ3BXF4K7","东方对虾","84","0.5","1.6"
"YTJ3BXF4K7","对虾","93","0.8","2.8"
"YTJ3BXF4K7","鹅","251","19.9","0"
"YTJ3BXF4K7","福泽香辣海蜇","38.5","0","3.85"
"YTJ3BXF4K7","古龙豆鼓沙丁鱼罐头","370","26","8"
"YTJ3BXF4K7","古龙牌茄汁鲭鱼罐头","160","7","9"
"YTJ3BXF4K7","古龙牌鲜炸沙丁鱼罐头","350","28","2"
"YTJ3BXF4K7","桂冠香菇贡丸","210.33","13","7"
"YTJ3BXF4K7","桂冠鱼豆腐蟹肉蛋黄味","177.02","9.4","13.7"
"YTJ3BXF4K7","鳜鱼","117","4.2","0"
"YTJ3BXF4K7","蛤蜊","62","1.1","2.8"
"YTJ3BXF4K7","海蟹","95","2.3","4.7"
"YTJ3BXF4K7","海蟹(小)","81","1.1","3.6"
"YTJ3BXF4K7","海蜇皮","33","0.3","3.8"
"YTJ3BXF4K7","海蜇头","74","0.3","11.8"
"YTJ3BXF4K7","河虾","87","2.4","0"
"YTJ3BXF4K7","红螺","119","0.9","7.6"
"YTJ3BXF4K7","黄螺","106","1","4.5"
"YTJ3BXF4K7","黄颡鱼","124","2.7","7.1"
"YTJ3BXF4K7","黄鳝","89","1.4","1.2"
"YTJ3BXF4K7","黄鱼(大黄花鱼)","97","2.5","0.8"
"YTJ3BXF4K7","火鸡腿","91","1.2","0"
"YTJ3BXF4K7","鸡(母鸡，一年内)","256","16.8","5.8"
"YTJ3BXF4K7","鸡(肉鸡，肥)","389","35.4","0.9"
"YTJ3BXF4K7","鸡(土鸡，家养)","124","4.5","0"
"YTJ3BXF4K7","鸡肉松","440","16.4","65.8"
"YTJ3BXF4K7","鸡血","49","0.2","4.1"
"YTJ3BXF4K7","鸡爪","254","16.4","2.7"
"YTJ3BXF4K7","基围虾","101","1.4","3.9"
"YTJ3BXF4K7","鲚鱼(大)","106","5.5","0.8"
"YTJ3BXF4K7","鲫鱼","108","2.7","3.8"
"YTJ3BXF4K7","金鲨鱼翅(干)","350","0.5","2.3"
"YTJ3BXF4K7","金线鱼","101","2.9","0"
"YTJ3BXF4K7","肯德基 吮指原味鸡","345.71","21.29","9"
"YTJ3BXF4K7","口头鱼","134","4.2","4.5"
"YTJ3BXF4K7","鲮鱼","95","2.1","0.7"
"YTJ3BXF4K7","鲮鱼(豆豉，煮)","472","33.1","17.9"
"YTJ3BXF4K7","龙虾","90","1.1","1"
"YTJ3BXF4K7","螺","100","1.2","6.6"
"YTJ3BXF4K7","螺蛳","59","0.6","6"
"YTJ3BXF4K7","麦当劳 麦乐鸡","280.5","17.13","14.5"
"YTJ3BXF4K7","鳗鱼","181","10.8","2.3"
"YTJ3BXF4K7","明虾","85","1.8","3.8"
"YTJ3BXF4K7","墨鱼(干)","287","1.9","2.1"
"YTJ3BXF4K7","泥鳅","96","2","1.7"
"YTJ3BXF4K7","鲭鱼(烤，150摄氏度，20分)","390","34.8","0"
"YTJ3BXF4K7","鲭鱼(烤，180摄氏度，10分)","373","31.8","0"
"YTJ3BXF4K7","鲭鱼(煮)","372","34.5","0.4"
"YTJ3BXF4K7","全聚德 烤鸭(牌)","530","50.8","0"
"YTJ3BXF4K7","乳鸽","352","34.1","0"
"YTJ3BXF4K7","沙钻鱼","84","0.6","1.2"
"YTJ3BXF4K7","鲨鱼","118","3.2","0"
"YTJ3BXF4K7","烧鹅","289","21.5","4.2"
"YTJ3BXF4K7","深水湾牡蛎肉肠(韩国风味)","178.5","11","9"
"YTJ3BXF4K7","梭子蟹","95","3.1","0.9"
"YTJ3BXF4K7","塘水虾","96","1.2","0"
"YTJ3BXF4K7","田鸡腿","79","1.4","4.7"
"YTJ3BXF4K7","田螺","60","0.2","3.6"
"YTJ3BXF4K7","同荣蕃茄汁鲭鱼罐头","164.2","9.8","4.4"
"YTJ3BXF4K7","童子鸡(熟)","226","18.1","0"
"YTJ3BXF4K7","乌骨鸡","111","2.3","0.3"
"YTJ3BXF4K7","乌鱼蛋","66","1.1","0"
"YTJ3BXF4K7","虾米","198","2.6","0"
"YTJ3BXF4K7","虾皮","153","2.2","2.5"
"YTJ3BXF4K7","鲜得味 金枪鱼罐头(纯黄豆油浸)","190.72","12","0"
"YTJ3BXF4K7","鲜得味金枪鱼罐头(广东风味)","125.47","4.1","0"
"YTJ3BXF4K7","鲜得味金枪鱼罐头(香辣)","133.36","5","0"
"YTJ3BXF4K7","鲜得味香辣金枪鱼","200.76","11","11"
"YTJ3BXF4K7","小龙虾","93","3.8","0"
"YTJ3BXF4K7","小胖子 金枪鱼(辣味)","243.1","18.3","5.8"
"YTJ3BXF4K7","蟹肉","62","1.2","1.1"
"YTJ3BXF4K7","蟹肉棒","123","0.6","20.5"
"YTJ3BXF4K7","鳕鱼(烤)","96","1.2","0"
"YTJ3BXF4K7","鸭肠","129","7.8","0.4"
"YTJ3BXF4K7","鸭肝","128","7.5","0.5"
"YTJ3BXF4K7","鸭心","143","8.9","2.9"
"YTJ3BXF4K7","鸭胸脯肉","90","1.5","4"
"YTJ3BXF4K7","鸭肫(公麻鸭)","112","1.2","5.4"
"YTJ3BXF4K7","鱼排","160","2.4","24.5"
"YTJ3BXF4K7","远洋 哥本优先水浸金枪鱼","122.56","4.1","2.3"
"YTJ3BXF4K7","杂色蛤蜊","53","2.2","0.7"
"YTJ3BXF4K7","章鱼","135","0.4","14"
"YTJ3BXF4K7","长毛对虾","90","0.4","3"
"YTJ3BXF4K7","B+F 矿泉水浸吞拿鱼","100","1","0"
"YTJ3BXF4K7","nautilus橄榄油浸金枪鱼","191.77","9.53","0"
"YTJ3BXF4K7","SR金枪鱼罐头(番茄味)","125","5.2","2.7"